"DATA";"REG_ANS";"CD_CONTA_CONTABIL";"DESCRICAO";"VL_SALDO_INICIAL";"VL_SALDO_FINAL"
"2023-01-01";"360783";"12391";"OUTROS CRÉDITOS DE OPERAÇÕES DE ASSISTÊNCIA MÉDICO-HOSPITALAR";0;0
"2023-01-01";"360783";"123911";"Cobertura Assistencial com Preço Preestabelecido";0;0
"2023-01-01";"360783";"12391101";"Resseguros";0;0
"2023-01-01";"360783";"123911011";"Reembolso de Sinistros pendentes de liquidação";0;0
"2023-01-01";"360783";"123911012";"Reembolso de Sinistros liquidados";0;0
"2023-01-01";"360783";"123911019";"(-) Provisão para Perdas Sobre Créditos";0;0
"2023-01-01";"360783";"12391102";"Seguros";0;0
"2023-01-01";"360783";"123911021";"Reembolso de Sinistros pendentes de liquidação";0;0
"2023-01-01";"360783";"123911022";"Reembolso de Sinistros liquidados";0;0
"2023-01-01";"360783";"123911029";"(-) Provisão para Perdas Sobre Créditos";0;0
"2023-01-01";"360783";"12391108";"Outros Créditos de Operações de Assistência Médico-Hospitalar";0;0
"2023-01-01";"360783";"123911082";"Créditos em Programas ou Fundos para Custeio de Despesas de Assistência Médico-Hospitalar";0;0
"2023-01-01";"360783";"123911088";"Outros Créditos de Operações de Assistência Médico-Hospitalar";0;0
"2023-01-01";"360783";"123911089";"(-) Provisão para Perdas Sobre Créditos";0;0
"2023-01-01";"360783";"123912";"Cobertura Assistencial com Preço Pós-estabelecido";0;0
"2023-01-01";"360783";"12391208";"Outros Créditos de Operações de Assistência Médico-Hospitalar";0;0
"2023-01-01";"360783";"123912082";"Créditos em Programas ou Fundos para Custeio de Despesas de Assistência Médico-Hospitalar";0;0
"2023-01-01";"360783";"123912088";"Outros Créditos de Operações de Assistência Médico-Hospitalar";0;0
"2023-01-01";"360783";"123912089";"(-) Provisão para Perdas Sobre Créditos";0;0
"2023-01-01";"360783";"12392";"OUTROS CRÉDITOS DE OPERAÇÕES DE ASSISTÊNCIA ODONTOLÓGICA";0;0
"2023-01-01";"360783";"123921";"Cobertura Assistencial com Preço Preestabelecido";0;0
"2023-01-01";"360783";"12392101";"Resseguros";0;0
"2023-01-01";"360783";"123921011";"Reembolso de Sinistros pendentes de liquidação";0;0
"2023-01-01";"360783";"123921012";"Reembolso de Sinistros liquidados";0;0
"2023-01-01";"360783";"123921019";"(-) Provisão para Perdas Sobre Créditos";0;0
"2023-01-01";"360783";"12392102";"Seguros";0;0
"2023-01-01";"360783";"123921021";"Reembolso de Sinistros pendentes de liquidação";0;0
"2023-01-01";"360783";"123921022";"Reembolso de Sinistros liquidados";0;0
"2023-01-01";"360783";"123921029";"(-) Provisão para Perdas Sobre Créditos";0;0
"2023-01-01";"360783";"12392108";"Outros Créditos de Operações de Assistência Odontológica";0;0
"2023-01-01";"360783";"123921082";"Créditos em Programas ou Fundos para Custeio de Despesas de Assistência Odontológica";0;0
"2023-01-01";"360783";"123921088";"Outros Créditos de Operações de Assistência Odontológica";0;0
"2023-01-01";"360783";"123921089";"(-) Provisão para Perdas Sobre Créditos";0;0
"2023-01-01";"360783";"123922";"Cobertura Assistencial com Preço Pós-estabelecido";0;0
"2023-01-01";"360783";"12392208";"Outros Créditos de Operações de Assistência Odontológica";0;0
"2023-01-01";"360783";"123922082";"Créditos em Programas ou Fundos para Custeio de Despesas de Assistência Odontológica";0;0
"2023-01-01";"360783";"123922088";"Outros Créditos de Operações de Assistência Odontológica";0;0
"2023-01-01";"360783";"123922089";"(-) Provisão para Perdas Sobre Créditos";0;0
"2023-01-01";"360783";"124";"CRÉDITOS DE OPERAÇÕES DE ASSISTÊNCIA À SAÚDE NÃO RELACIONADOS COM PLANOS DE SAÚDE DA OPERADORA";168042,38;156971,82
"2023-01-01";"360783";"1241";"CRÉDITOS DE OPERAÇÕES DE ASSISTÊNCIA À SAÚDE NÃO RELACIONADOS COM PLANOS DE SAÚDE DA OPERADORA";168042,38;156971,82
"2023-01-01";"360783";"12411";"CRÉDITOS A RECEBER DE PRESTAÇÃO DE SERVIÇOS DE ASSISTÊNCIA MÉDICO-HOSPITALAR";168042,38;156971,82
"2023-01-01";"360783";"124119";"Contas a Receber de Prestação de Serviços Médico-Hospitalar";168042,38;156971,82
"2023-01-01";"360783";"12411901";"Contas a Receber";168042,38;156971,82
"2023-01-01";"360783";"124119011";"Contas a Receber";172292,73;156971,82
"2023-01-01";"360783";"124119019";"(-) Provisão para Perdas Sobre Créditos";-4250,35;0
"2023-01-01";"360783";"12411902";"Intercâmbio a Receber - Atendimento Eventual";0;0
"2023-01-01";"360783";"124119021";"Taxa de Administração";0;0
"2023-01-01";"360783";"124119022";"Reembolso";0;0
"2023-01-01";"360783";"124119029";"(-) Provisão para Perdas Sobre Créditos";0;0
"2023-01-01";"360783";"12411908";"Outros Créditos Operacionais de Prestação de Serviço Médico-Hospitalar";0;0
"2023-01-01";"360783";"124119082";"Créditos com Administração de Programas ou Fundos de Custeio de Despesas Médico-Hospitalar";0;0
"2023-01-01";"360783";"124119088";"Outros Créditos Operacionais de Prestação de Serviço Médico-Hospitalar";0;0
"2023-01-01";"360783";"124119089";"(-) Provisão para Perdas Sobre Créditos";0;0
"2023-01-01";"360783";"12412";"CRÉDITOS A RECEBER DE PRESTAÇÃO DE SERVIÇOS DE ASSISTÊNCIA ODONTOLÓGICA";0;0
"2023-01-01";"360783";"124129";"Contas a Receber de Prestação de Serviços Odontológica";0;0
"2023-01-01";"360783";"12412901";"Contas a Receber";0;0
"2023-01-01";"360783";"124129011";"Contas a Receber";0;0
"2023-01-01";"360783";"124129019";"(-) Provisão para Perdas Sobre Créditos";0;0
"2023-01-01";"360783";"12412902";"Intercâmbio a Receber - Atendimento Eventual";0;0
"2023-01-01";"360783";"124129021";"Taxa de Administração";0;0
"2023-01-01";"360783";"124129022";"Reembolso";0;0
"2023-01-01";"360783";"124129029";"(-) Provisão para Perdas Sobre Créditos";0;0
"2023-01-01";"360783";"12412908";"Outros Créditos Operacionais de Prestação de Serviço Odontológico";0;0
"2023-01-01";"360783";"124129082";"Créditos com Administração de Programas ou Fundos de Custeio de Despesas Odontológica";0;0
"2023-01-01";"360783";"124129088";"Outros Créditos Operacionais de Prestação de Serviço Odontológico";0;0
"2023-01-01";"360783";"124129089";"(-) Provisão para Perdas Sobre Créditos";0;0
"2023-01-01";"360783";"125";"DESPESAS DIFERIDAS";0;0
"2023-01-01";"360783";"1251";"COMISSÕES DIFERIDAS COM OPERAÇÕES DE ASSISTÊNCIA A SAÚDE";0;0
"2023-01-01";"360783";"12511";"COMISSÕES/AGENCIAMENTOS DIFERIDOS COM PLANOS DE ASSISTÊNCIA MÉDICO-HOSPITALAR";0;0
"2023-01-01";"360783";"125119";"Comissões/Agenciamentos Diferidos com Planos de Assistência Médico-Hospitalar";0;0
"2023-01-01";"360783";"12511901";"Comissões/Agenciamentos Diferidos com Planos de Assistência Médico-Hospitalar";0;0
"2023-01-01";"360783";"125119011";"Comissões/Agenciamentos Diferidos - Contraprestações Pecuniárias";0;0
"2023-01-01";"360783";"12511902";"Comissões/Agenciamentos Diferidos - Seguros";0;0
"2023-01-01";"360783";"125119021";"Comissão/Agenciamentos de Seguros";0;0
"2023-01-01";"360783";"125119022";"Comissão/Agenciamentos de Cosseguro Aceito";0;0
"2023-01-01";"360783";"12512";"COMISSÕES/AGENCIAMENTOS DIFERIDOS COM PLANOS DE ASSISTÊNCIA ODONTOLÓGICA";0;0
"2023-01-01";"360783";"125129";"Comissões/Agenciamentos Diferidos com Planos de Assistência Odontológica";0;0
"2023-01-01";"360783";"12512901";"Comissões/Agenciamentos Diferidos com Planos de Assistência Odontológica";0;0
"2023-01-01";"360783";"125129011";"Comissões/Agenciamentos Diferidos - Contraprestações Pecuniárias";0;0
"2023-01-01";"360783";"12512902";"Comissões/Agenciamentos Diferidos - Seguros";0;0
"2023-01-01";"360783";"125129021";"Comissão/Agenciamentos de Seguros";0;0
"2023-01-01";"360783";"125129022";"Comissão/Agenciamentos de Cosseguro Aceito";0;0
"2023-01-01";"360783";"1252";"DESPESAS DE RESSEGURO DIFERIDAS";0;0
"2023-01-01";"360783";"12521";"PRÊMIO DE RESSEGURO DIFERIDO COM PLANOS DE ASSISTÊNCIA MÉDICO-HOSPITALAR";0;0
"2023-01-01";"360783";"125219";"Prêmio de Resseguro Diferido com Planos de Assistência Médico-Hospitalar";0;0
"2023-01-01";"360783";"12521901";"Prêmio de Resseguro Diferido com Planos de Assistência Médico-Hospitalar";0;0
"2023-01-01";"360783";"125219011";"Prêmio de Resseguro Diferido";0;0
"2023-01-01";"360783";"12522";"PRÊMIO DE RESSEGURO DIFERIDO COM PLANOS DE ASSISTÊNCIA ODONTOLÓGICO";0;0
"2023-01-01";"360783";"125229";"Prêmio de Resseguro Diferido com Planos de Assistência Odontológico";0;0
"2023-01-01";"360783";"12522901";"Prêmio de Resseguro Diferido com Planos de Assistência Odontológico";0;0
"2023-01-01";"360783";"125229011";"Prêmio de Resseguro Diferido";0;0
"2023-01-01";"360783";"126";"CRÉDITOS TRIBUTÁRIOS E PREVIDÊNCIÁRIOS";0;0
"2023-01-01";"360783";"1261";"CRÉDITOS TRIBUTÁRIOS E PREVIDÊNCIARIOS";0;0
"2023-01-01";"360783";"12611";"CRÉDITOS TRIBUTÁRIOS";0;0
"2023-01-01";"360783";"126119";"Créditos Tributários";0;0
"2023-01-01";"360783";"12611901";"Imposto de Renda";0;0
"2023-01-01";"360783";"126119011";"Imposto de Renda Retido na Fonte - IRRF";0;0
"2023-01-01";"360783";"126119012";"Imposto de Renda a Compensar/Restituir";0;0
"2023-01-01";"360783";"126119013";"Antecipações de Imposto de Renda";0;0
"2023-01-01";"360783";"12611902";"Contribuição Social Sobre o Lucro Liquido - CSLL";0;0
"2023-01-01";"360783";"126119021";"Contribuição Social Retida na Fonte";0;0
"2023-01-01";"360783";"126119022";"Contribuição Social a Compensar/Restituir";0;0
"2023-01-01";"360783";"126119023";"Antecipações da Contribuição Social";0;0
"2023-01-01";"360783";"12611903";"Crédito de Previdência Social";0;0
"2023-01-01";"360783";"126119031";"Crédito de Previdência Social";0;0
"2023-01-01";"360783";"12611904";"Créditos de PIS e COFINS";0;0
"2023-01-01";"360783";"126119041";"Créditos de PIS e COFINS";0;0
"2023-01-01";"360783";"12611905";"Imposto Sobre Serviços - ISS";0;0
"2023-01-01";"360783";"126119051";"Imposto Sobre Serviços - ISS";0;0
"2023-01-01";"360783";"12611908";"Outros Créditos Tributários e Previdenciários";0;0
"2023-01-01";"360783";"126119088";"Outros Créditos Tributários e Previdenciários";0;0
"2023-01-01";"360783";"127";"BENS E TÍTULOS A RECEBER";61751,58;36388,97
"2023-01-01";"360783";"1271";"ESTOQUE";0;0
"2023-01-01";"360783";"12711";"ESTOQUE";0;0
"2023-01-01";"360783";"127119";"Estoques";0;0
"2023-01-01";"360783";"12711901";"Estoques";0;0
"2023-01-01";"360783";"127119011";"Estoques";0;0
"2023-01-01";"360783";"127119012";"Almoxarifado";0;0
"2023-01-01";"360783";"1272";"BENS A VENDA";0;0
"2023-01-01";"360783";"12721";"BENS A VENDA";0;0
"2023-01-01";"360783";"127219";"Bens a Venda";0;0
"2023-01-01";"360783";"12721901";"Bens a Venda";0;0
"2023-01-01";"360783";"127219011";"Imóveis a Venda";0;0
"2023-01-01";"360783";"127219012";"Outros Bens a Venda";0;0
"2023-01-01";"360783";"1273";"DEPENDÊNCIAS NO PAÍS";0;0
"2023-01-01";"360783";"12731";"DEPENDÊNCIAS NO PAÍS";0;0
"2023-01-01";"360783";"127319";"Dependências no País";0;0
"2023-01-01";"360783";"12731901";"Dependências no País";0;0
"2023-01-01";"360783";"127319011";"Dependências no País";0;0
"2023-01-01";"360783";"1274";"ADIANTAMENTOS";61751,58;36388,97
"2023-01-01";"360783";"12741";"ADIANTAMENTOS";61751,58;36388,97
"2023-01-01";"360783";"127419";"Adiantamentos";61751,58;36388,97
"2023-01-01";"360783";"12741901";"Adiantamentos";61751,58;36388,97
"2023-01-01";"360783";"127419011";"Adiantamentos a Funcionários";32751,58;10388,97
"2023-01-01";"360783";"127419012";"Adiantamentos a Prestadores de Serviços Assistenciais";0;0
"2023-01-01";"360783";"127419013";"Adiantamentos a Fornecedores";0;0
"2023-01-01";"360783";"127419018";"Outros Adiantamentos";29000;26000
"2023-01-01";"360783";"127419019";"(-) Provisão para Perdas Sobre Créditos";0;0
"2023-01-01";"360783";"1276";"EMPRÉSTIMOS E DEPÓSITOS COMPULSÓRIOS";0;0
"2023-01-01";"360783";"12761";"EMPRÉSTIMOS E DEPÓSITOS COMPULSÓRIOS";0;0
"2023-01-01";"360783";"127619";"Empréstimos e Depósitos Compulsórios";0;0
"2023-01-01";"360783";"12761901";"Empréstimos e Depósitos Compulsórios";0;0
"2023-01-01";"360783";"127619011";"Empréstimos";0;0
"2023-01-01";"360783";"127619012";"Depósitos";0;0
"2023-01-01";"360783";"127619019";"(-) Provisão para Perdas Sobre Créditos";0;0
"2023-01-01";"360783";"1277";"TÍTULOS A RECEBER";0;0
"2023-01-01";"360783";"12771";"TÍTULOS A RECEBER";0;0
"2023-01-01";"360783";"127719";"Títulos a Receber";0;0
"2023-01-01";"360783";"12771901";"Títulos a Receber";0;0
"2023-01-01";"360783";"127719011";"Notas Promissórias";0;0
"2023-01-01";"360783";"127719012";"Cheques e Ordens a Receber";0;0
"2023-01-01";"360783";"127719018";"Outros Títulos a Receber";0;0
"2023-01-01";"360783";"127719019";"(-) Provisão para Perdas Sobre Créditos";0;0
"2023-01-01";"360783";"12772";"DIREITOS RESULTANTES DA VENDA DE CARTEIRAS";0;0
"2023-01-01";"360783";"127729";"Direitos Resultantes da Venda de Carteira";0;0
"2023-01-01";"360783";"12772901";"Direitos Resultantes da Venda de Carteira";0;0
"2023-01-01";"360783";"127729011";"Direitos Resultantes da Venda de Carteira de Beneficiários de Planos de Saúde";0;0
"2023-01-01";"360783";"127729019";"(-) Provisão para Perdas Sobre Créditos";0;0
"2023-01-01";"360783";"44131902";"Despesas com Aquisição de Carteiras";0;0
"2023-01-01";"360783";"441319021";"Gastos com Aquisição de Carteiras";0;0
"2023-01-01";"360783";"441319022";"Amortização com Aquisição de Carteiras";0;0
"2023-01-01";"360783";"441319023";"Provisão para Redução ao Valor Recuperável do Ativo relacionado a Aquisição de Carteiras";0;0
"2023-01-01";"360783";"44131903";"Programas ou Fundos para Custeio de Despesas Médico Hospitalres";0;0
"2023-01-01";"360783";"441319031";"Taxa de Administração";0;0
"2023-01-01";"360783";"44131904";"Despesas Judiciais de Eventos/Sinistros Médico-Hospitalares";0;0
"2023-01-01";"360783";"441319041";"Despesas com Eventos/Sinistros não cobertos";0;0
"2023-01-01";"360783";"441319042";"Despesas com Provisão para Contingências";0;0
"2023-01-01";"360783";"441319043";"(-) Reversão de Provisão para Contingências";0;0
"2023-01-01";"360783";"44132";"OUTRAS DESPESAS DE OPERAÇÕES DE ASSISTÊNCIA ODONTOLÓGICA";0;0
"2023-01-01";"360783";"441329";"Outras Despesas de Operações de Assistência Odontológica";0;0
"2023-01-01";"360783";"44132901";"Outras Despesas de Operações de Assistência Odontológica";0;0
"2023-01-01";"360783";"441329011";"Confecção de Carteiras/Livro de Credenciamento";0;0
"2023-01-01";"360783";"441329012";"Despesas com Cobrança";0;0
"2023-01-01";"360783";"441329013";"Despesas com Encargos Sociais";0;0
"2023-01-01";"360783";"441329014";"Despesas com Apólices e Contratos";0;0
"2023-01-01";"360783";"441329015";"Despesas com Inspeção de Riscos";0;0
"2023-01-01";"360783";"441329017";"Despesas com Serviços Prestados por Terceiros";0;0
"2023-01-01";"360783";"441329018";"Despesas com Taxa de Administração - Administradora de Benefícios";0;0
"2023-01-01";"360783";"441329019";"Outras Despesas";0;0
"2023-01-01";"360783";"44132902";"Despesas com Aquisição de Carteiras";0;0
"2023-01-01";"360783";"441329021";"Gastos com Aquisição de Carteiras";0;0
"2023-01-01";"360783";"441329022";"Amortização com Aquisição de Carteiras";0;0
"2023-01-01";"360783";"441329023";"Provisão para Redução ao Valor Recuperável do Ativo relacionado a Aquisição de Carteiras";0;0
"2023-01-01";"360783";"44132903";"Programas ou Fundos para Custeio de Despesas Odontológicas";0;0
"2023-01-01";"360783";"441329031";"Taxa de Administração";0;0
"2023-01-01";"360783";"44132904";"Despesas Judiciais de Eventos/Sinistros Odontológicos";0;0
"2023-01-01";"360783";"441329041";"Despesas com Eventos/Sinistros não cobertos";0;0
"2023-01-01";"360783";"441329042";"Despesas com Provisão para Contingências";0;0
"2023-01-01";"360783";"441329043";"(-) Reversão de Provisão para Contingências";0;0
"2023-01-01";"360783";"4415";"PROGRAMAS REGULATÓRIOS DE ATENÇÃO À SAÚDE";0;0
"2023-01-01";"360783";"44151";"PROGRAMAS DE PROMOÇÃO DA SAÚDE E PREVENÇÃO DE RISCOS E DOENÇAS";0;0
"2023-01-01";"360783";"441519";"Programas de Promoção da Saúde e Prevenção de Riscos e Doenças";0;0
"2023-01-01";"360783";"44151901";"Programas de Promoção da Saúde e Prevenção de Riscos e Doenças";0;0
"2023-01-01";"360783";"441519011";"Despesas com Programa de Promoção da Saúde e Prevenção de Riscos e Doenças - Aprovadas pela DIPRO";0;0
"2023-01-01";"360783";"441519012";"Despesas com Programa de Promoção da Saúde e Prevenção de Riscos e Doenças - Não aprovadas pela DIPRO";0;0
"2023-01-01";"360783";"44152";"PROGRAMAS DE BOAS PRÁTICAS EM ATENÇÃO À SAÚDE";0;0
"2023-01-01";"360783";"441529";"Programas de Boas Práticas em Atenção à Saúde";0;0
"2023-01-01";"360783";"44152901";"Programas de Boas Práticas em Atenção à Saúde";0;0
"2023-01-01";"360783";"441529011";"Despesas com Programa de Boas Práticas em Atenção à Saúde  - Aprovados pela DIDES";0;0
"2023-01-01";"360783";"441529012";"Despesas com Programa de Boas Práticas em Atenção à Saúde  - Não Aprovados pela DIDES";0;0
"2023-01-01";"360783";"4416";"(-) RECUPERAÇÃO DE OUTRAS DESPESAS OPERACIONAIS DE ASSISTÊNCIA A SAÚDE";0;0
"2023-01-01";"360783";"44161";"(-) RECUPERAÇÃO DE OUTRAS DESPESAS OPERACIONAIS DE ASSISTÊNCIA MÉDICO-HOSPITALAR";0;0
"2023-01-01";"360783";"441619";"(-) Recuperação de Outras Despesas Operacionais de Assistência Médico-Hospitalar";0;0
"2023-01-01";"360783";"44161901";"(-) Recuperação de Outras Despesas Operacionais de Assistência Médico-Hospitalar";0;0
"2023-01-01";"360783";"441619011";"(-) Impostos sobre Faturamento";0;0
"2023-01-01";"360783";"441619019";"(-) Outras";0;0
"2023-01-01";"360783";"44162";"(-) RECUPERAÇÃO DE OUTRAS DESPESAS OPERACIONAIS DE ASSISTÊNCIA ODONTOLÓGICA";0;0
"2023-01-01";"360783";"441629";"(-) Recuperação de Outras Despesas Operacionais de Assistência Odontológica";0;0
"2023-01-01";"360783";"44162901";"(-) Recuperação de Outras Despesas Operacionais de Assistência Odontológica";0;0
"2023-01-01";"360783";"441629011";"(-) Impostos sobre Faturamento";0;0
"2023-01-01";"360783";"441629019";"(-) Outras";0;0
"2023-01-01";"360783";"4419";"PROVISÃO PARA PERDAS SOBRE CRÉDITOS";0;3004
"2023-01-01";"360783";"44191";"PROVISÃO PARA PERDAS SOBRE CRÉDITOS - MÉDICO HOSPITALAR";0;3004
"2023-01-01";"360783";"441919";"Provisão para Perdas sobre Créditos - Médico Hospitalar";0;3004
"2023-01-01";"360783";"44191901";"Provisão Sobre Contraprestação Pecuniárias/Prêmios a Receber de Assistência Médico-Hospitalar";0;3004
"2023-01-01";"360783";"441919011";"Provisão Sobre Contraprest. Pecuniárias/Prêmios a Receber de Assist. Méd-Hospitalar";0;0
"2023-01-01";"360783";"441919019";"(-) Reversão da Prov. Sobre Contraprest. Pecuniárias/Prêmios a Receber de Assist. Méd-Hospitalar";0;3004
"2023-01-01";"360783";"44191902";"Provisão Sobre Demais Créditos de Operações de Assistência Médico-Hospitalar";0;0
"2023-01-01";"360783";"441919021";"Provisão Sobre Demais Créditos de Operações de Assist. Méd-Hospitalar";0;0
"2023-01-01";"360783";"441919029";"(-) reversão da Provisão Sobre Demais Créditos de Operações de Assist. Méd-Hospitalar";0;0
"2023-01-01";"360783";"44191903";"Provisão Sobre Outros Créditos de Administradora de Benefícios Médico-Hospitalar";0;0
"2023-01-01";"360783";"441919031";"Provisão Sobre Outros Créditos de Administradora de Benefícios";0;0
"2023-01-01";"360783";"441919039";"(-) Reversão da Provisão Sobre Outros Créditos de Administradora de Benefícios";0;0
"2023-01-01";"360783";"44191905";"Provisão Sobre Taxa de Administração de Benefícios a Receber";0;0
"2023-01-01";"360783";"441919051";"Provisão Sobre Taxa de Administração de Benefícios a Receber";0;0
"2023-01-01";"360783";"441919059";"(-) Reversão da Provisão Sobre Taxa de Administração de Benefícios a Receber";0;0
"2023-01-01";"360783";"44192";"PROVISÃO PARA PERDAS SOBRE CRÉDITOS - ODONTOLÓGICO";0;0
"2023-01-01";"360783";"441929";"Provisão Para Perdas sobre Créditos - Odontolológico";0;0
"2023-01-01";"360783";"44192901";"Provisão Sobre Contraprestação Pecuniárias/Prêmios a Receber de Assistência Odontológica";0;0
"2023-01-01";"360783";"441929011";"Provisão Sobre Contraprest. Pecuniárias/Prêmios a Receber de Assist. Odontológica";0;0
"2023-01-01";"360783";"441929019";"(-) Reversão da Prov. Sobre Contraprest. Pecuniárias/Prêmios a Receber de Assist. Odontológica";0;0
"2023-01-01";"360783";"44192902";"Provisão Sobre Demais Créditos de Operações de Assistência Odontológica";0;0
"2023-01-01";"360783";"441929021";"Provisão Sobre Demais Créditos de Operações de Assistência Odontológica";0;0
"2023-01-01";"360783";"441929029";"(-) Reversão da Provisão Sobre Demais Créditos de Operações de Assist. Odontológica";0;0
"2023-01-01";"360783";"44192903";"Provisão Sobre Outros Créditos de Administradora de Benefícios - Assistência Odontológica";0;0
"2023-01-01";"360783";"441929031";"Provisão Sobre Outros Créditos de Administradora de Benefícios";0;0
"2023-01-01";"360783";"441929039";"(-) Reversão da Provisão Sobre Outros Créditos de Administradora de Benefícios";0;0
"2023-01-01";"360783";"44192905";"Provisão Sobre Taxa de Administração de Benefícios a Receber";0;0
"2023-01-01";"360783";"441929051";"Provisão Sobre Taxa de Administração de Benefícios a Receber";0;0
"2023-01-01";"360783";"441929059";"(-) Reversão da Provisão Sobre Taxa de Administração de Benefícios a Receber";0;0
"2023-01-01";"360783";"442";"OUTRAS DESPESAS OPERACIONAIS DE ASSISTÊNCIA À SAÚDE NÃO RELACIONADAS COM PLANO DE SAÚDE DA OPERADORA";0;134637,39
"2023-01-01";"360783";"4421";"DESPESAS COM OPERAÇÕES DE ASSISTÊNCIA A SAÚDE";0;134637,39
"2023-01-01";"360783";"44211";"DESPESAS COM OPERAÇÕES DE ASSISTÊNCIA MÉDICO-HOSPITALAR";0;134637,39
"2023-01-01";"360783";"442119";"Despesas com Prestação de Serviços";0;134637,39
"2023-01-01";"360783";"44211901";"Despesas com Prestação de Serviços";0;134637,39
"2023-01-01";"360783";"442119011";"Despesas com Prestação de Serviços - SUS";0;0
"2023-01-01";"360783";"442119012";"Despesas com Prestação de Serviços - Hospitalar";0;0
"2023-01-01";"360783";"442119013";"Despesas com Prestação de Serviços - Ambulatorial";0;0
"2023-01-01";"360783";"442119014";"Despesas com Prestação de Serviços - Diagnósticos";0;0
"2023-01-01";"360783";"442119015";"Custo de ociosidade rede própria";0;0
"2023-01-01";"360783";"442119019";"Despesas com Prestação de Serviços - Outros";0;134637,39
"2023-01-01";"360783";"44211902";"(-) Dedução de Despesas com Prestação de Serviços";0;0
"2023-01-01";"360783";"442119021";"(-) Dedução de Despesas com Prestação de Serviços - SUS";0;0
"2023-01-01";"360783";"442119029";"(-) Dedução de Despesas com Prestação de Serviços - Outros";0;0
"2023-01-01";"360783";"44211903";"Provisão Sobre Créditos de Operações de Assistência Médico-Hospitalar Não Relacionadas com Plano de Saúde";0;0
"2023-01-01";"360783";"442119031";"Provisão Sobre Créditos de Operações  de Assistência Não Relacionadas com Plano de.Saúde";0;0
"2023-01-01";"360783";"442119039";"(-) Reversão da Provisão Sobre Créditos de Oper. Assist. Não Relacionadas com Plano de Saúde";0;0
"2023-01-01";"360783";"44212";"DESPESAS COM PRESTAÇÃO DE SERVIÇOS - ODONTOLÓGICOS";0;0
"2023-01-01";"360783";"442129";"Despesas com Prestação de Serviços";0;0
"2023-01-01";"360783";"44212901";"Despesas com Prestação de Serviços";0;0
"2023-01-01";"360783";"442129011";"Despesas com Prestação de Serviços - SUS";0;0
"2023-01-01";"361569";"214119";"Débitos a Prestadores de Serviços de Assistência à Saúde";71531,6;46395,46
"2023-01-01";"361569";"21411901";"Prestadores de Serviços de Assistência à Saúde";71531,6;46395,46
"2023-01-01";"361569";"214119011";"Prestadores de Serviços de Assistência à Saúde";71531,6;46395,46
"2023-01-01";"361569";"215";"PROVISÕES";4,77;46266,7
"2023-01-01";"361569";"2151";"PROVISÃO PARA IMPOSTO DE RENDA E CONTRIBUIÇÃO SOCIAL";4,77;46266,7
"2023-01-01";"361569";"21511";"PROVISÃO PARA IMPOSTO DE RENDA E CONTRIBUIÇÃO SOCIAL";4,77;46266,7
"2023-01-01";"361569";"215119";"Provisão para Imposto de Renda e Contribuição Social";4,77;46266,7
"2023-01-01";"361569";"21511901";"Provisão para Imposto de Renda e Contribuição Social";4,77;46266,7
"2023-01-01";"361569";"215119011";"Provisão para Imposto de Renda - IRPJ";0;32093,94
"2023-01-01";"361569";"215119012";"Provisão para Contribuição Social Sobre o Lucro Líquido - CSSL";4,77;14172,76
"2023-01-01";"361569";"216";"TRIBUTOS E ENCARGOS SOCIAIS A RECOLHER";677683,72;683083,42
"2023-01-01";"361569";"2161";"TRIBUTOS E CONTRIBUIÇÕES";326843,33;340106,37
"2023-01-01";"361569";"21611";"TRIBUTOS E CONTRIBUIÇÕES";326843,33;340106,37
"2023-01-01";"361569";"216119";"Tributos e Contribuições";326843,33;340106,37
"2023-01-01";"361569";"21611903";"Outros Tributos e Contribuições";326843,33;340106,37
"2023-01-01";"361569";"216119031";"Imposto Sobre Serviços - ISS";36067,88;42303,87
"2023-01-01";"361569";"216119034";"Contribuições Previdenciárias";232650,75;241790,94
"2023-01-01";"361569";"216119035";"FGTS a Recolher";20800,44;15224,91
"2023-01-01";"361569";"216119036";"COFINS e PIS / PASEP";37190,48;40652,87
"2023-01-01";"361569";"216119038";"Outros Impostos e Contribuições a Recolher";133,78;133,78
"2023-01-01";"361569";"2162";"RETENÇÕES DE IMPOSTOS E CONTRIBUIÇÕES";350840,39;342977,05
"2023-01-01";"361569";"21621";"RETENÇÕES DE IMPOSTOS E CONTRIBUIÇÕES";350840,39;342977,05
"2023-01-01";"361569";"216219";"Retenções de Imposto e Contribuições";350840,39;342977,05
"2023-01-01";"361569";"21621901";"Retenções de Imposto e Contribuições";350840,39;342977,05
"2023-01-01";"361569";"216219011";"Imposto de Renda Retido na Fonte - de Funcionários";17959,34;13498,58
"2023-01-01";"361569";"216219012";"Imposto de Renda Retido na Fonte - de Terceiros";332393,61;328179,39
"2023-01-01";"361569";"216219014";"Contribuição Social Sobre o Lucro Líquido - CSLL";104,83;279,38
"2023-01-01";"361569";"216219015";"COFINS";314,48;838,11
"2023-01-01";"361569";"216219016";"PIS";68,13;181,59
"2023-01-01";"361569";"217";"EMPRÉSTIMOS E FINANCIAMENTOS A PAGAR";30542,12;30542,12
"2023-01-01";"361569";"2171";"EMPRÉSTIMOS";30542,12;30542,12
"2023-01-01";"361569";"21711";"EMPRÉSTIMOS";30542,12;30542,12
"2023-01-01";"361569";"217119";"Empréstimos";30542,12;30542,12
"2023-01-01";"361569";"21711901";"Empréstimos";30542,12;30542,12
"2023-01-01";"361569";"217119012";"Empréstimos Bancários";30542,12;30542,12
"2023-01-01";"361569";"218";"DÉBITOS DIVERSOS";291545,22;369494,45
"2023-01-01";"361569";"2181";"OBRIGAÇÕES COM PESSOAL";203674,59;247826,44
"2023-01-01";"361569";"21811";"OBRIGAÇÕES COM PESSOAL";203674,59;247826,44
"2023-01-01";"361569";"218119";"Obrigações com Pessoal";203674,59;247826,44
"2023-01-01";"361569";"21811901";"Obrigações com Pessoal";203674,59;247826,44
"2023-01-01";"361569";"218119011";"Salários a Pagar";89,79;0
"2023-01-01";"361569";"218119013";"Honorários";0;0
"2023-01-01";"361569";"218119014";"Férias";150665,93;154400,76
"2023-01-01";"361569";"218119015";"Décimo Terceiro Salário";0;31017,33
"2023-01-01";"361569";"218119018";"Outras Obrigações com Pessoal";52918,87;62408,35
"2023-01-01";"361569";"2182";"FORNECEDORES";56574,82;77484,48
"2023-01-01";"361569";"21821";"FORNECEDORES";56574,82;77484,48
"2023-01-01";"361569";"218219";"Fornecedores";56574,82;77484,48
"2023-01-01";"361569";"21821901";"Fornecedores";56574,82;77484,48
"2023-01-01";"361569";"218219011";"Fornecedores";56574,82;77484,48
"2023-01-01";"361569";"2185";"DEPÓSITOS DE BENEFICIÁRIOS E DE TERCEIROS";27221,45;34775,23
"2023-01-01";"361569";"21851";"DEPÓSITOS DE BENEFICIÁRIOS E DE TERCEIROS";27221,45;34775,23
"2023-01-01";"361569";"218519";"Depósitos de Beneficiários e de Terceiros";27221,45;34775,23
"2023-01-01";"361569";"21851901";"Depósitos de Beneficiários e de Terceiros";27221,45;34775,23
"2023-01-01";"361569";"218519011";"Depósitos de Beneficiários de Planos de Assistência à Saúde e de Terceiros";27221,45;34775,23
"2023-01-01";"361569";"2188";"OUTROS DÉBITOS A PAGAR";4074,36;9408,3
"2023-01-01";"361569";"21888";"OUTROS DÉBITOS A PAGAR";4074,36;9408,3
"2023-01-01";"361569";"218889";"Outros Débitos a Pagar";4074,36;9408,3
"2023-01-01";"361569";"21888908";"Outros Débitos a Pagar";4074,36;9408,3
"2023-01-01";"361569";"218889088";"Outros Débitos a Pagar";4074,36;9408,3
"2023-01-01";"361569";"219";"CONTA-CORRENTE DE COOPERADOS";8631,17;12539,98
"2023-01-01";"361569";"2191";"CONTA-CORRENTE DE COOPERADOS";8631,17;12539,98
"2023-01-01";"361569";"21911";"CONTA-CORRENTE DE COOPERADOS";8631,17;12539,98
"2023-01-01";"361569";"219119";"Conta-Corrente de Cooperados";8631,17;12539,98
"2023-01-01";"361569";"21911901";"Conta-Corrente de Cooperados";8631,17;12539,98
"2023-01-01";"361569";"219119011";"Débitos a Pagar a Cooperados";8631,17;12539,98
"2023-01-01";"361569";"23";"PASSIVO NÃO CIRCULANTE";30541,76;22906,25
"2023-01-01";"361569";"237";"EMPRÉSTIMOS E FINANCIAMENTOS A PAGAR";30541,76;22906,25
"2023-01-01";"361569";"2377";"EMPRÉSTIMOS E FINANCIAMENTOS A PAGAR";30541,76;22906,25
"2023-01-01";"361569";"23771";"EMPRÉSTIMOS";30541,76;22906,25
"2023-01-01";"361569";"237719";"Empréstimos";30541,76;22906,25
"2023-01-01";"361569";"23771901";"Empréstimos";30541,76;22906,25
"2023-01-01";"361569";"237719011";"Empréstimos Hipotecários";30541,76;22906,25
"2023-01-01";"361569";"25";"PATRIMÔNIO LÍQUIDO / PATRIMÔNIO SOCIAL";6651732,28;6905778,16
"2023-01-01";"361569";"251";"CAPITAL SOCIAL/PATRIMÔNIO SOCIAL";1055240,17;1064960,49
"2023-01-01";"361569";"2511";"CAPITAL SOCIAL SUBSCRITO / PATRIMÔNIO SOCIAL";1055240,17;1064960,49
"2023-01-01";"361569";"25111";"CAPITAL SOCIAL NACIONAL";1055240,17;1064960,49
"2023-01-01";"361569";"251119";"Capital Social Nacional";1055240,17;1064960,49
"2023-01-01";"361569";"25111901";"Capital Social Nacional";1055240,17;1064960,49
"2023-01-01";"361569";"251119011";"Capital Social - Cotas";1055240,17;1064960,49
"2023-01-01";"361569";"2512";"(-) ACIONISTAS/COTISTAS CAPITAL A INTEGRALIZAR";0;0
"2023-01-01";"361569";"25121";"(-) ACIONISTAS/COTISTAS CAPITAL A INTEGRALIZAR";0;0
"2023-01-01";"361569";"251219";"(-) Acionistas / Cotistas Capital a Integralizar";0;0
"2023-01-01";"361569";"25121901";"(-) Acionistas / Cotistas Capital a Integralizar";0;0
"2023-01-01";"361569";"251219011";"(-) Acionistas / Cotistas País";0;0
"2023-01-01";"361569";"253";"RESERVAS";5608779,71;5722624,71
"2023-01-01";"361569";"2531";"RESERVAS DE CAPITAL / RESERVAS PATRIMONIAIS";4167445,38;4294397,98
"2023-01-01";"361569";"25311";"RESERVAS DE CAPITAL / RESERVAS PATRIMONIAIS";4167445,38;4294397,98
"2023-01-01";"361569";"253119";"Reservas de Capital/Reservas Patrimoniais";4167445,38;4294397,98
"2023-01-01";"361569";"25311901";"Reservas de Capital/Reservas Patrimoniais";4167445,38;4294397,98
"2023-01-01";"361569";"253119011";"Reservas de Capital/Reservas Patrimoniais";4167445,38;4294397,98
"2023-01-01";"361569";"2533";"RESERVAS DE LUCROS / SOBRAS / RETENÇÃO DE SUPERÁVITS";1441334,33;1428226,73
"2023-01-01";"361569";"25331";"RESERVAS DE LUCROS ";1441334,33;1428226,73
"2023-01-01";"361569";"253319";"Reservas de Lucros ";1441334,33;1428226,73
"2023-01-01";"361569";"25331902";"Reservas de Sobras/Retenção de Superávits";1441334,33;1428226,73
"2023-01-01";"361569";"253319021";"Fundo de Reserva";328888,97;328068,97
"2023-01-01";"361569";"253319022";"Fundo de Assistência Técnica, Educacional e Social (F.A.T.E.S.)";1112445,36;1100157,76
"2023-01-01";"361569";"256";"LUCROS/PREJUÍZOS-SUPERÁVITS/DÉFICITS ACUMULADOS ou RESULTADO";-12287,6;118192,96
"2023-01-01";"361569";"2562";"RESULTADO - COOPERATIVAS";-12287,6;118192,96
"2023-01-01";"361569";"25621";"RESULTADO - COOPERATIVAS";-12287,6;118192,96
"2023-01-01";"361569";"256219";"Resultado - Cooperativas";-12287,6;118192,96
"2023-01-01";"361569";"25621901";"Resultado - Cooperativas";-12287,6;118192,96
"2023-01-01";"361569";"256219012";"Resultado Tributável - Mês";-12287,6;118192,96
"2023-01-01";"361569";"3";"RECEITAS";0;5671025,1
"2023-01-01";"361569";"31";"RECEITAS COM OPERAÇÕES DE ASSISTÊNCIA A SAÚDE";0;5494272,91
"2023-01-01";"361569";"311";"CONTRAPRESTAÇÕES LÍQUIDAS / PRÊMIOS RETIDOS";0;5494272,91
"2023-01-01";"361569";"3111";"CONTRAPRESTAÇÕES EMITIDAS / PRÊMIOS EMITIDOS DE ASSISTÊNCIA A SAÚDE";0;5524485,63
"2023-01-01";"361569";"31112";"CONTRAPRESTAÇÕES EMITIDAS / PRÊMIOS EMITIDOS DE ASSISTÊNCIA ODONTOLÓGICA";0;5524485,63
"2023-01-01";"361569";"311121";"Cobertura Assistencial com Preço Preestabelecido";0;5524485,63
"2023-01-01";"361569";"31112101";"Planos Individuais/Familiares antes da Lei";0;642,22
"2023-01-01";"361569";"311121011";"Contraprestação Emitida";0;642,22
"2023-01-01";"361569";"31112102";"Planos Individuais/Familiares pós da Lei";0;2664350,99
"2023-01-01";"361569";"311121021";"Contraprestação Emitida";0;2664350,99
"2023-01-01";"361569";"31112104";"Planos Coletivos por Adesão depois  da  Lei";0;136672,27
"2023-01-01";"361569";"311121041";"Contraprestação Emitida";0;136672,27
"2023-01-01";"361569";"31112105";"Planos Coletivos Empresariais antes da Lei";0;22940
"2023-01-01";"361569";"311121051";"Contraprestação Emitida";0;22940
"2023-01-01";"361569";"31112106";"Planos Coletivos Empresariais depois  da Lei";0;2699880,15
"2023-01-01";"361569";"311121061";"Contraprestação Emitida";0;2699880,15
"2023-01-01";"361569";"3119";"(-)OUTRAS DEDUÇÕES DAS CONTRAPRESTAÇÕES / PRÊMIOS";0;-30212,72
"2023-01-01";"361569";"31192";"(-) OUTRAS DEDUÇÕES DAS CONTRAPRESTAÇÕES/PRÊMIOS DE ASSISTÊNCIA ODONTOLÓGICA";0;-30212,72
"2023-01-01";"361569";"311921";"Cobertura Assistencial com Preço Preestabelecido";0;-30212,72
"2023-01-01";"361569";"31192101";"Descontos";0;-27456,8
"2023-01-01";"361569";"311921011";"Descontos";0;-27456,8
"2023-01-01";"361569";"31192103";"Outras Deduções";0;-2755,92
"2023-01-01";"361569";"311921031";"Outras Deduções";0;-2755,92
"2023-01-01";"361569";"32";"(-) TRIBUTOS DIRETOS DE OPERAÇÕES DE ASSISTÊNCIA À SAÚDE";0;-251049,48
"2023-01-01";"361569";"321";"(-) TRIBUTOS DIRETOS DE OPERAÇÕES COM PLANOS DE ASSISTÊNCIA À SAÚDE DA OPERADORA";0;-251049,48
"2023-01-01";"361569";"3211";"(-) TRIBUTOS DIRETOS DE OPERAÇÕES COM PLANOS DE ASSISTÊNCIA À SAÚDE DA OPERADORA";0;-251049,48
"2023-01-01";"361569";"32112";"(-) TRIBUTOS DIRETOS DE OPERAÇÕES DE ASSISTÊNCIA ODONTOLÓGICA";0;-251049,48
"2023-01-01";"361569";"321129";"(-) Tributos Diretos de Operações de Assistência Odontológica";0;-251049,48
"2023-01-01";"361569";"32112901";"(-) Tributos Diretos de Operações de Assistência Odontológica";0;-251049,48
"2023-01-01";"361569";"321129011";"(-) Tributos Federais";0;-125847,39
"2023-01-01";"361569";"321129013";"(-) Tributos Municipais";0;-125202,09
"2023-01-01";"361569";"33";"OUTRAS RECEITAS OPERACIONAIS";0;195833,78
"2023-01-01";"361569";"331";"OUTRAS RECEITAS OPERACIONAIS DE PLANOS DE ASSISTÊNCIA À SAÚDE";0;112
"2023-01-01";"361569";"3311";"OUTRAS RECEITAS OPERACIONAIS DE PLANOS DE ASSISTÊNCIA À SAÚDE";0;112
"2023-01-01";"355691";"43";"DESPESAS DE COMERCIALIZAÇÃO";0;964942,68
"2023-01-01";"355691";"431";"COMISSÃO E AGENCIAMENTO SOBRE OPERAÇÕES DE ASSISTÊNCIA À SAÚDE";0;964942,68
"2023-01-01";"355691";"4311";"CONTRAPRESTAÇÕES PECUNIÁRIAS";0;964942,68
"2023-01-01";"355691";"43111";"CONTRAPRESTAÇÕES PECUNIÁRIAS/PRÊMIOS DE SEGURO - MÉDICO HOSPITALAR";0;964942,68
"2023-01-01";"355691";"431111";"Cobertura Assistencial com Preço Preestabelecido";0;865170,58
"2023-01-01";"355691";"43111112";"Cobertura Assistencial com Preço Preestabelecido - Individual/Familiar";0;354218,77
"2023-01-01";"355691";"431111122";"Comissão/Agenciamento";0;330740,58
"2023-01-01";"355691";"431111123";"Encargos Sociais";0;23478,19
"2023-01-01";"355691";"43111113";"Cobertura Assistencial com Preço Preestabelecido - Coletivos por Adesão";0;50065,1
"2023-01-01";"355691";"431111132";"Comissão/Agenciamento";0;50065,1
"2023-01-01";"355691";"43111114";"Cobertura Assistencial com Preço Preestabelecido - Coletivos Empresariais";0;460886,71
"2023-01-01";"355691";"431111142";"Comissão/Agenciamento";0;419683,24
"2023-01-01";"355691";"431111143";"Encargos Sociais";0;41203,47
"2023-01-01";"355691";"431112";"Cobertura Assistencial com Preço Pós-estabelecido";0;99772,1
"2023-01-01";"355691";"43111212";"Cobertura Assistencial com Preço Pós-estabelecido - Coletivos por Adesão";0;99772,1
"2023-01-01";"355691";"431112122";"Comissão/Agenciamento";0;99772,1
"2023-01-01";"355691";"44";"OUTRAS DESPESAS OPERACIONAIS";0;21335173,48
"2023-01-01";"355691";"441";"OUTRAS DESPESAS OPERACIONAIS COM PLANOS DE ASSISTÊNCIA À SAÚDE DA OPERADORA";0;474787,37
"2023-01-01";"355691";"4413";"OUTRAS DESPESAS DE OPERAÇÕES DE PLANOS DE ASSISTÊNCIA A SAÚDE";0;723641,23
"2023-01-01";"355691";"44131";"OUTRAS DESPESAS DE OPERAÇÕES DE PLANOS DE ASSISTÊNCIA MÉDICO-HOSPITALAR";0;723641,23
"2023-01-01";"355691";"441319";"Outras Despesas de Operações de Assistência Médico-Hospitalar";0;723641,23
"2023-01-01";"355691";"44131911";"Outras Despesas de Operações de Assistência Médico-Hospitalar";0;723641,23
"2023-01-01";"355691";"441319111";"Confecção de Carteiras/Livro de Credenciamento";0;20490,58
"2023-01-01";"355691";"441319113";"Despesas com Encargos Sociais";0;66945,38
"2023-01-01";"355691";"441319117";"Despesas com Serviços Prestados por Terceiros";0;12617,35
"2023-01-01";"355691";"441319119";"Outras Despesas";0;623587,92
"2023-01-01";"355691";"4415";"PROGRAMAS REGULATÓRIOS DE ATENÇÃO À SAÚDE";0;40248,37
"2023-01-01";"355691";"44151";"PROGRAMAS DE PROMOÇÃO DA SAÚDE E PREVENÇÃO DE RISCOS E DOENÇAS";0;40248,37
"2023-01-01";"355691";"441519";"Programas de Promoção da Saúde e Prevenção de Riscos e Doenças";0;40248,37
"2023-01-01";"355691";"44151911";"Programas de Promoção da Saúde e Prevenção de Riscos e Doenças";0;40248,37
"2023-01-01";"355691";"441519111";"Despesas com Programa de Promoção da Saúde e Prevenção de Riscos e Doenças - Aprovadas pela DIPRO";0;40248,37
"2023-01-01";"355691";"4416";"(-) RECUPERAÇÃO DE OUTRAS DESPESAS OPERACIONAIS DE ASSISTÊNCIA A SAÚDE";0;-466031,71
"2023-01-01";"355691";"44161";"(-) RECUPERAÇÃO DE OUTRAS DESPESAS OPERACIONAIS DE ASSISTÊNCIA MÉDICO-HOSPITALAR";0;-466031,71
"2023-01-01";"355691";"441619";"(-) Recuperação de Outras Despesas Operacionais de Assistência Médico-Hospitalar";0;-466031,71
"2023-01-01";"355691";"44161911";"(-) Recuperação de Outras Despesas Operacionais de Assistência Médico-Hospitalar";0;-466031,71
"2023-01-01";"355691";"441619119";"(-) Outras";0;-466031,71
"2023-01-01";"355691";"4419";"PROVISÃO PARA PERDAS SOBRE CRÉDITOS";0;176929,48
"2023-01-01";"355691";"44191";"PROVISÃO PARA PERDAS SOBRE CRÉDITOS - MÉDICO HOSPITALAR";0;176929,48
"2023-01-01";"355691";"441919";"Provisão para Perdas sobre Créditos - Médico Hospitalar";0;176929,48
"2023-01-01";"355691";"44191911";"Provisão Sobre Contraprestação Pecuniárias/Prêmios a Receber de Assistência Médico-Hospitalar";0;176929,48
"2023-01-01";"355691";"441919111";"Provisão Sobre Contraprest. Pecuniárias/Prêmios a Receber de Assist. Méd-Hospitalar";0;176929,48
"2023-01-01";"355691";"442";"OUTRAS DESPESAS OPERACIONAIS DE ASSISTÊNCIA À SAÚDE NÃO RELACIONADAS COM PLANO DE SAÚDE DA OPERADORA";0;20860386,11
"2023-01-01";"355691";"4421";"DESPESAS COM OPERAÇÕES DE ASSISTÊNCIA A SAÚDE";0;18143006,05
"2023-01-01";"355691";"44211";"DESPESAS COM OPERAÇÕES DE ASSISTÊNCIA MÉDICO-HOSPITALAR";0;18143006,05
"2023-01-01";"355691";"442119";"Despesas com Prestação de Serviços";0;18143006,05
"2023-01-01";"355691";"44211911";"Despesas com Prestação de Serviços";0;18143006,05
"2023-01-01";"355691";"442119119";"Despesas com Prestação de Serviços - Outros";0;18143006,05
"2023-01-01";"355691";"44211921";"Despesas com Prestação de Serviços";0;0
"2023-01-01";"355691";"442119219";"Despesas com Prestação de Serviços - Outros";0;0
"2023-01-01";"355691";"44211971";"Despesas com Prestação de Serviços";0;0
"2023-01-01";"355691";"442119719";"Despesas com Prestação de Serviços - Outros";0;0
"2023-01-01";"355691";"4429";"OUTRAS DESPESAS OPERACIONAIS";0;2717380,06
"2023-01-01";"355691";"44299";"OUTRAS DESPESAS OPERACIONAIS";0;2717380,06
"2023-01-01";"355691";"442999";"Outras Despesas Operacionais";0;2717380,06
"2023-01-01";"355691";"44299911";"Outras Despesas Operacionais";0;2717380,06
"2023-01-01";"355691";"442999111";"Outras Despesas Operacionais";0;2717380,06
"2023-01-01";"355691";"45";"DESPESAS FINANCEIRAS";0;1805495,66
"2023-01-01";"355691";"451";"DESPESAS COM APLICAÇÕES FINANCEIRAS";0;378833,39
"2023-01-01";"355691";"4511";"DESPESAS FINANCEIRAS COM TÍTULOS DE RENDA FIXA - PRIVADOS";0;378833,39
"2023-01-01";"355691";"45111";"DESPESAS FINANCEIRAS COM TÍTULOS DE RENDA FIXA - PRIVADOS";0;378833,39
"2023-01-01";"355691";"451119";"Despesas Financeiras com Títulos de Renda Fixa - Privados";0;378833,39
"2023-01-01";"355691";"45111911";"Despesas Financeiras com Títulos de Renda Fixa - Privados";0;378833,39
"2023-01-01";"355691";"451119111";"Ajuste ao valor de mercado";0;378833,39
"2023-01-01";"355691";"452";"DESPESAS FINANCEIRAS COM OPERAÇÕES DE ASSISTÊNCIA À SAÚDE";0;3165,94
"2023-01-01";"355691";"4521";"DESPESAS FINANCEIRAS COM OPERAÇÕES DE ASSISTÊNCIA À SAÚDE";0;3165,94
"2023-01-01";"355691";"45211";"DESPESAS FINANCEIRAS COM OPERAÇÕES DE ASSISTÊNCIA MÉDICO-HOSPITALAR";0;3165,94
"2023-01-01";"355691";"452119";"Despesas Financeiras com Operações de Assistência Médico-Hospitalar";0;3165,94
"2023-01-01";"355691";"45211911";"Despesas Financeiras com Operações de Assistência Médico-Hospitalar";0;3165,94
"2023-01-01";"355691";"452119111";"Descontos Concedidos";0;3165,94
"2023-01-01";"355691";"458";"OUTRAS DESPESAS FINANCEIRAS";0;1423496,33
"2023-01-01";"355691";"4581";"DESPESAS FINANCEIRAS DE ENCARGOS SOBRE TRIBUTOS";0;1421327,65
"2023-01-01";"355691";"45811";"DESPESAS FINANCEIRAS DE ENCARGOS SOBRE TRIBUTOS";0;1421327,65
"2023-01-01";"355691";"458119";"Despesas Financeiras de Encargos sobre Tributos";0;1421327,65
"2023-01-01";"355691";"45811911";"Despesas Financeiras de Encargos sobre Tributos";0;1421327,65
"2023-01-01";"355691";"458119111";"Juros";0;37,72
"2023-01-01";"355691";"458119112";"Atualização Monetária";0;599607,03
"2023-01-01";"355691";"458119119";"Outras Despesas";0;821682,9
"2023-01-01";"355691";"4584";"DESPESAS COM IMPOSTOS E CONTRIBUIÇÕES SOBRE TRANSAÇÕES FINANCEIRAS";0;1957,41
"2023-01-01";"355691";"45841";"DESPESAS COM IMPOSTOS E CONTRIBUIÇÕES SOBRE TRANSAÇÕES FINANCEIRAS";0;1957,41
"2023-01-01";"355691";"458419";"Despesas com Impostos e Contribuições sobre Transações Financeiras";0;1957,41
"2023-01-01";"355691";"45841911";"Despesas com Impostos e Contribuições sobre Transações Financeiras";0;1957,41
"2023-01-01";"355691";"458419112";"Imposto Sobre Operações Financeiras - IOF";0;735,49
"2023-01-01";"355691";"458419119";"Outras Despesas";0;1221,92
"2023-01-01";"355691";"4589";"DESPESAS FINANCEIRAS DIVERSAS";0;211,27
"2023-01-01";"355691";"45891";"DESPESAS FINANCEIRAS DIVERSAS";0;211,27
"2023-01-01";"355691";"458919";"Despesas Financeiras Diversas";0;211,27
"2023-01-01";"355691";"45891911";"Despesas Financeiras Diversas";0;211,27
"2023-01-01";"355691";"458919119";"Despesas Financeiras Diversas";0;211,27
"2023-01-01";"355691";"46";"DESPESAS ADMINISTRATIVAS";0;19933467,72
"2023-01-01";"355691";"461";"DESPESAS COM PESSOAL PRÓPRIO";0;10202289,44
"2023-01-01";"355691";"4611";"DESPESAS COM ADMINISTRAÇÃO";0;1114666,25
"2023-01-01";"355691";"46111";"DESPESAS COM ADMINISTRAÇÃO";0;1114666,25
"2023-01-01";"355691";"461119";"Despesas com Administração";0;1114666,25
"2023-01-01";"355691";"46111911";"Despesas com Administração";0;1114666,25
"2023-01-01";"355691";"461119111";"Honorários de Diretoria";0;709876,72
"2023-01-01";"355691";"461119112";"Honorários do Conselho de Administração";0;189235,2
"2023-01-01";"355691";"461119114";"Honorários do Conselho Fiscal";0;30105,6
"2023-01-01";"355691";"461119119";"Outras Despesas";0;185448,73
"2023-01-01";"355691";"4612";"DESPESAS COM EMPREGADOS";0;5127900,68
"2023-01-01";"355691";"46121";"DESPESAS COM EMPREGADOS";0;5127900,68
"2023-01-01";"355691";"461219";"Despesas com Empregados";0;5127900,68
"2023-01-01";"355691";"46121911";"Despesas com Empregados";0;5127900,68
"2023-01-01";"355691";"461219111";"Salários e Ordenados";0;3525595,91
"2023-01-01";"355691";"461219112";"Serviços Extraordinários";0;144742,69
"2023-01-01";"355691";"461219113";"Gratificações";0;2240,14
"2023-01-01";"355691";"461219114";"13º Salário/Férias";0;1228881,97
"2023-01-01";"355691";"461219119";"Outras Despesas";0;226439,97
"2023-01-01";"355691";"4613";"DESPESAS COM INDENIZAÇÕES";0;17280,56
"2023-01-01";"355691";"46131";"DESPESAS COM INDENIZAÇÕES";0;17280,56
"2023-01-01";"355691";"461319";"Despesas com Indenizações";0;17280,56
"2023-01-01";"355691";"46131911";"Despesas com Indenizações";0;17280,56
"2023-01-01";"355691";"461319111";"Aviso Prévio";0;0
"2023-01-01";"355691";"461319113";"Indenizações Trabalhistas";0;0
"2023-01-01";"355691";"461319119";"Outras Despesas";0;17280,56
"2023-01-01";"355691";"4614";"DESPESAS COM ENCARGOS SOCIAIS";0;2215366,7
"2023-01-01";"355691";"46141";"DESPESAS COM ENCARGOS SOCIAIS";0;2215366,7
"2023-01-01";"355691";"461419";"Despesas com Encargos Sociais";0;2215366,7
"2023-01-01";"355691";"46141911";"Despesas com Encargos Sociais";0;2215366,7
"2023-01-01";"355691";"461419111";"Previdência Social";0;1733239,18
"2023-01-01";"355691";"461419112";"FGTS";0;482127,52
"2023-01-01";"356123";"442";"OUTRAS DESPESAS OPERACIONAIS DE ASSISTÊNCIA À SAÚDE NÃO RELACIONADAS COM PLANO DE SAÚDE DA OPERADORA";0;10015102,28
"2023-01-01";"356123";"4421";"DESPESAS COM OPERAÇÕES DE ASSISTÊNCIA A SAÚDE";0;10015102,28
"2023-01-01";"356123";"44211";"DESPESAS COM OPERAÇÕES DE ASSISTÊNCIA MÉDICO-HOSPITALAR";0;10015102,28
"2023-01-01";"356123";"442119";"Despesas com Prestação de Serviços";0;10015102,28
"2023-01-01";"356123";"44211911";"Despesas com Prestação de Serviços";0;10015102,28
"2023-01-01";"356123";"442119119";"Despesas com Prestação de Serviços - Outros";0;10015102,28
"2023-01-01";"356123";"45";"DESPESAS FINANCEIRAS";0;159919,19
"2023-01-01";"356123";"452";"DESPESAS FINANCEIRAS COM OPERAÇÕES DE ASSISTÊNCIA À SAÚDE";0;27963,31
"2023-01-01";"356123";"4521";"DESPESAS FINANCEIRAS COM OPERAÇÕES DE ASSISTÊNCIA À SAÚDE";0;27963,31
"2023-01-01";"356123";"45211";"DESPESAS FINANCEIRAS COM OPERAÇÕES DE ASSISTÊNCIA MÉDICO-HOSPITALAR";0;27963,31
"2023-01-01";"356123";"452119";"Despesas Financeiras com Operações de Assistência Médico-Hospitalar";0;27963,31
"2023-01-01";"356123";"45211911";"Despesas Financeiras com Operações de Assistência Médico-Hospitalar";0;27963,31
"2023-01-01";"356123";"452119111";"Descontos Concedidos";0;27963,31
"2023-01-01";"356123";"458";"OUTRAS DESPESAS FINANCEIRAS";0;131955,88
"2023-01-01";"356123";"4583";"DESPESAS POR PAGAMENTOS EM ATRASO";0;25588,02
"2023-01-01";"356123";"45831";"DESPESAS POR PAGAMENTOS EM ATRASO";0;25588,02
"2023-01-01";"356123";"458319";"Despesas por Pagamentos em Atraso";0;25588,02
"2023-01-01";"356123";"45831911";"Despesas por Pagamentos em Atraso";0;25588,02
"2023-01-01";"356123";"458319111";"Despesas por Pagamentos em Atraso";0;25588,02
"2023-01-01";"356123";"4589";"DESPESAS FINANCEIRAS DIVERSAS";0;106367,86
"2023-01-01";"356123";"45891";"DESPESAS FINANCEIRAS DIVERSAS";0;106367,86
"2023-01-01";"356123";"458919";"Despesas Financeiras Diversas";0;106367,86
"2023-01-01";"356123";"45891911";"Despesas Financeiras Diversas";0;106367,86
"2023-01-01";"356123";"458919119";"Despesas Financeiras Diversas";0;106367,86
"2023-01-01";"356123";"46";"DESPESAS ADMINISTRATIVAS";0;5555006,56
"2023-01-01";"356123";"461";"DESPESAS COM PESSOAL PRÓPRIO";0;2837836,63
"2023-01-01";"356123";"4611";"DESPESAS COM ADMINISTRAÇÃO";0;194897,45
"2023-01-01";"356123";"46111";"DESPESAS COM ADMINISTRAÇÃO";0;194897,45
"2023-01-01";"356123";"461119";"Despesas com Administração";0;194897,45
"2023-01-01";"356123";"46111911";"Despesas com Administração";0;194897,45
"2023-01-01";"356123";"461119111";"Honorários de Diretoria";0;190116,08
"2023-01-01";"356123";"461119114";"Honorários do Conselho Fiscal";0;4781,37
"2023-01-01";"356123";"4612";"DESPESAS COM EMPREGADOS";0;1631317,08
"2023-01-01";"356123";"46121";"DESPESAS COM EMPREGADOS";0;1631317,08
"2023-01-01";"356123";"461219";"Despesas com Empregados";0;1631317,08
"2023-01-01";"356123";"46121911";"Despesas com Empregados";0;1631317,08
"2023-01-01";"356123";"461219111";"Salários e Ordenados";0;1172939,92
"2023-01-01";"356123";"461219112";"Serviços Extraordinários";0;24927,19
"2023-01-01";"356123";"461219113";"Gratificações";0;31714,26
"2023-01-01";"356123";"461219114";"13º Salário/Férias";0;269719,23
"2023-01-01";"356123";"461219116";"Ajuda de Custo";0;19146,34
"2023-01-01";"356123";"461219119";"Outras Despesas";0;112870,14
"2023-01-01";"356123";"4614";"DESPESAS COM ENCARGOS SOCIAIS";0;546147,74
"2023-01-01";"356123";"46141";"DESPESAS COM ENCARGOS SOCIAIS";0;546147,74
"2023-01-01";"356123";"461419";"Despesas com Encargos Sociais";0;546147,74
"2023-01-01";"356123";"46141911";"Despesas com Encargos Sociais";0;546147,74
"2023-01-01";"356123";"461419111";"Previdência Social";0;405566,77
"2023-01-01";"356123";"461419112";"FGTS";0;140580,97
"2023-01-01";"356123";"4617";"DESPESAS COM PROGRAMA DE ALIMENTAÇÃO AO TRABALHADOR";0;460649,4
"2023-01-01";"356123";"46171";"ALIMENTAÇÃO AO TRABALHADOR";0;460649,4
"2023-01-01";"356123";"461719";"Alimentação ao Trabalhador";0;460649,4
"2023-01-01";"356123";"46171911";"Alimentação ao Trabalhador";0;460649,4
"2023-01-01";"356123";"461719111";"Alimentação ao Trabalhador";0;460649,4
"2023-01-01";"356123";"4618";"DESPESAS COM TRANSPORTE DE EMPREGADOS";0;3479,51
"2023-01-01";"356123";"46181";"DESPESAS COM TRANSPORTE DE EMPREGADOS";0;3479,51
"2023-01-01";"356123";"461819";"Despesas com Transporte de Empregados";0;3479,51
"2023-01-01";"356123";"46181911";"Despesas com Transporte de Empregados";0;3479,51
"2023-01-01";"356123";"461819111";"Vale Transporte";0;3479,51
"2023-01-01";"356123";"4619";"OUTRAS DESPESAS COM PESSOAL PRÓPRIO";0;1345,45
"2023-01-01";"356123";"46191";"OUTRAS DESPESAS COM PESSOAL PRÓPRIO";0;1345,45
"2023-01-01";"356123";"461919";"Outras Despesas com Pessoal Próprio";0;1345,45
"2023-01-01";"356123";"46191911";"Outras Despesas com Pessoal Próprio";0;1345,45
"2023-01-01";"356123";"461919119";"Outras Despesas";0;1345,45
"2023-01-01";"356123";"462";"DESPESAS COM SERVIÇOS DE TERCEIROS";0;501536,92
"2023-01-01";"356123";"4621";"REMUNERAÇÃO POR SERVIÇOS DE TERCEIROS";0;501536,92
"2023-01-01";"356123";"46211";"REMUNERAÇÃO POR SERVIÇOS DE TERCEIROS";0;501536,92
"2023-01-01";"356123";"462119";"Remuneração por Serviços de Terceiros";0;501536,92
"2023-01-01";"356123";"46211911";"Remuneração por Serviços de Terceiros";0;501536,92
"2023-01-01";"356123";"462119113";"Honorários de Consultoria";0;174021,03
"2023-01-01";"356123";"462119114";"Honorários de Serviços Técnicos";0;105977,16
"2023-01-01";"356123";"462119115";"Fretes e Carretos";0;145545,33
"2023-01-01";"356123";"462119119";"Outras Despesas";0;75993,4
"2023-01-01";"356123";"463";"DESPESAS COM LOCALIZAÇÃO E FUNCIONAMENTO";0;855458,07
"2023-01-01";"356123";"4631";"DESPESAS COM LOCALIZAÇÃO E MANUTENÇÃO";0;385563,06
"2023-01-01";"356123";"46311";"DESPESAS COM LOCALIZAÇÃO E MANUTENÇÃO";0;385563,06
"2023-01-01";"356123";"463119";"Despesas com Localização e Manutenção";0;385563,06
"2023-01-01";"356123";"46311911";"Despesas com Localização e Manutenção";0;385563,06
"2023-01-01";"356123";"463119111";"Aluguel";0;312409
"2023-01-01";"356123";"463119114";"Água, Luz e Gás";0;55420,66
"2023-01-01";"356123";"463119116";"Consertos";0;14691,4
"2023-01-01";"356123";"463119119";"Outras Despesas";0;3042
"2023-01-01";"356123";"4633";"DESPESAS COM UTILIZAÇÃO DE EQUIPAMENTOS E VEÍCULOS";0;30414,79
"2023-01-01";"356123";"46331";"DESPESAS COM UTILIZAÇÃO DE EQUIPAMENTOS E VEÍCULOS";0;30414,79
"2023-01-01";"356123";"463319";"Despesas com Utilização de Equipamentos e Veículos";0;30414,79
"2023-01-01";"356123";"46331911";"Despesas com Utilização de Equipamentos e Veículos";0;30414,79
"2023-01-01";"356123";"463319111";"Aluguel";0;25088,66
"2023-01-01";"356123";"463319114";"Combustível";0;5326,13
"2023-01-01";"356123";"4637";"DESPESAS COM BENS DE USO PRÓPRIO";0;153655,51
"2023-01-01";"356123";"46371";"DESPESAS COM BENS DE USO PRÓPRIO";0;153655,51
"2023-01-01";"356123";"463719";"Despesas com Bens de Uso Próprio";0;153655,51
"2023-01-01";"356123";"46371911";"Despesas com Bens de Uso Próprio";0;153655,51
"2023-01-01";"356123";"463719111";"Depreciações";0;153655,51
"2023-01-01";"356123";"4638";"DESPESAS COM BENS INTANGÍVEIS";0;899,42
"2023-01-01";"356123";"46381";"DESPESAS COM BENS INTANGÍVEIS";0;899,42
"2023-01-01";"356123";"463819";"Despesas com Bens Intangíveis";0;899,42
"2023-01-01";"356123";"46381911";"Despesas com Bens Intangíveis";0;899,42
"2023-01-01";"356123";"463819111";"Amortizações";0;899,42
"2023-01-01";"356123";"4639";"OUTRAS DESPESAS COM LOCALIZAÇÃO E FUNCIONAMENTO";0;284925,29
"2023-01-01";"356123";"46391";"OUTRAS DESPESAS COM LOCALIZAÇÃO E FUNCIONAMENTO";0;284925,29
"2023-01-01";"356123";"463919";"Outras Despesas com Localização e Funcionamento";0;284925,29
"2023-01-01";"356123";"46391911";"Outras Despesas com Localização e Funcionamento";0;284925,29
"2023-01-01";"356123";"463919111";"Despesas com Expediente";0;71939,97
"2023-01-01";"356123";"463919112";"Despesas com Seguros";0;844,8
"2023-01-01";"356123";"463919113";"Despesas com Locomoção";0;61463,93
"2023-01-01";"356123";"463919114";"Despesas com Comunicação";0;150676,59
"2023-01-01";"356123";"464";"DESPESAS COM PUBLICIDADE E PROPAGANDA INSTITUCIONAL";0;83583,75
"2023-01-01";"356123";"4641";"PUBLICIDADE E PROPAGANDA";0;83583,75
"2023-01-01";"356123";"46411";"PUBLICIDADE E PROPAGANDA";0;83583,75
"2023-01-01";"356123";"464119";"Publicidade e Propaganda";0;83583,75
"2023-01-01";"356123";"46411911";"Publicidade e Propaganda";0;83583,75
"2023-01-01";"356123";"464119111";"Publicidade e Propaganda";0;62503
"2023-01-01";"356123";"464119112";"Brindes";0;6799,75
"2023-01-01";"356123";"464119113";"Promoções";0;6156
"2023-01-01";"356123";"464119119";"Outras Despesas";0;8125
"2023-01-01";"356123";"465";"DESPESAS COM TRIBUTOS";0;235775,32
"2023-01-01";"356123";"4651";"IMPOSTOS";0;220604,58
"2023-01-01";"356123";"46511";"IMPOSTOS";0;220604,58
"2023-01-01";"356123";"465119";"Impostos";0;220604,58
"2023-01-01";"356123";"46511911";"Impostos";0;220604,58
"2023-01-01";"356123";"465119111";"Impostos Federais";0;203172,71
"2023-01-01";"356123";"465119112";"Impostos Estaduais";0;5820,53
"2023-01-01";"356123";"465119119";"Impostos Municipais";0;11611,34
"2023-01-01";"356123";"4652";"CONTRIBUIÇÕES";0;15170,74
"2023-01-01";"356123";"46521";"CONTRIBUIÇÕES";0;15170,74
"2023-01-01";"356476";"46151";"DESPESAS COM ASSISTÊNCIA SOCIAL";0;31661,21
"2023-01-01";"356476";"461519";"Despesas com Assistência Social";0;31661,21
"2023-01-01";"356476";"46151901";"Despesas com Assistência Social";0;31661,21
"2023-01-01";"356476";"461519011";"Despesas com Assistência Médica/ Odontológica";0;31661,21
"2023-01-01";"356476";"4616";"DESPESAS COM INSTRUÇÃO";0;70171,18
"2023-01-01";"356476";"46161";"DESPESAS COM FORMAÇÃO PROFISSIONAL";0;70171,18
"2023-01-01";"356476";"461619";"Despesas com Formação Profissional";0;70171,18
"2023-01-01";"356476";"46161901";"Despesas com Formação Profissional";0;70171,18
"2023-01-01";"356476";"461619011";"Formação Profissional";0;1573,79
"2023-01-01";"356476";"461619012";"Instrução";0;68597,39
"2023-01-01";"356476";"4617";"DESPESAS COM PROGRAMA DE ALIMENTAÇÃO AO TRABALHADOR";0;198786,13
"2023-01-01";"356476";"46171";"ALIMENTAÇÃO AO TRABALHADOR";0;198786,13
"2023-01-01";"356476";"461719";"Alimentação ao Trabalhador";0;198786,13
"2023-01-01";"356476";"46171901";"Alimentação ao Trabalhador";0;198786,13
"2023-01-01";"356476";"461719011";"Alimentação ao Trabalhador";0;198786,13
"2023-01-01";"356476";"4618";"DESPESAS COM TRANSPORTE DE EMPREGADOS";0;3947,52
"2023-01-01";"356476";"46181";"DESPESAS COM TRANSPORTE DE EMPREGADOS";0;3947,52
"2023-01-01";"356476";"461819";"Despesas com Transporte de Empregados";0;3947,52
"2023-01-01";"356476";"46181901";"Despesas com Transporte de Empregados";0;3947,52
"2023-01-01";"356476";"461819011";"Vale Transporte";0;2273,84
"2023-01-01";"356476";"461819019";"Outras Despesas";0;1673,68
"2023-01-01";"356476";"4619";"OUTRAS DESPESAS COM PESSOAL PRÓPRIO";0;20289,43
"2023-01-01";"356476";"46191";"OUTRAS DESPESAS COM PESSOAL PRÓPRIO";0;20289,43
"2023-01-01";"356476";"461919";"Outras Despesas com Pessoal Próprio";0;20289,43
"2023-01-01";"356476";"46191901";"Outras Despesas com Pessoal Próprio";0;20289,43
"2023-01-01";"356476";"461919019";"Outras Despesas";0;20289,43
"2023-01-01";"356476";"462";"DESPESAS COM SERVIÇOS DE TERCEIROS";0;849967,68
"2023-01-01";"356476";"4621";"REMUNERAÇÃO POR SERVIÇOS DE TERCEIROS";0;849967,68
"2023-01-01";"356476";"46211";"REMUNERAÇÃO POR SERVIÇOS DE TERCEIROS";0;849967,68
"2023-01-01";"356476";"462119";"Remuneração por Serviços de Terceiros";0;849967,68
"2023-01-01";"356476";"46211901";"Remuneração por Serviços de Terceiros";0;849967,68
"2023-01-01";"356476";"462119011";"Honorários Advocatícios";0;49102,15
"2023-01-01";"356476";"462119012";"Honorários de Auditoria";0;104307,57
"2023-01-01";"356476";"462119013";"Honorários de Consultoria";0;55030,71
"2023-01-01";"356476";"462119014";"Honorários de Serviços Técnicos";0;547083,74
"2023-01-01";"356476";"462119019";"Outras Despesas";0;94443,51
"2023-01-01";"356476";"463";"DESPESAS COM LOCALIZAÇÃO E FUNCIONAMENTO";0;221945,24
"2023-01-01";"356476";"4631";"DESPESAS COM LOCALIZAÇÃO E MANUTENÇÃO";0;54274,67
"2023-01-01";"356476";"46311";"DESPESAS COM LOCALIZAÇÃO E MANUTENÇÃO";0;54274,67
"2023-01-01";"356476";"463119";"Despesas com Localização e Manutenção";0;54274,67
"2023-01-01";"356476";"46311901";"Despesas com Localização e Manutenção";0;54274,67
"2023-01-01";"356476";"463119011";"Aluguel";0;39917,14
"2023-01-01";"356476";"463119013";"Condomínios e Taxas";0;4623,15
"2023-01-01";"356476";"463119014";"Água, Luz e Gás";0;8737,38
"2023-01-01";"356476";"463119019";"Outras Despesas";0;997
"2023-01-01";"356476";"4633";"DESPESAS COM UTILIZAÇÃO DE EQUIPAMENTOS E VEÍCULOS";0;150
"2023-01-01";"356476";"46331";"DESPESAS COM UTILIZAÇÃO DE EQUIPAMENTOS E VEÍCULOS";0;150
"2023-01-01";"356476";"463319";"Despesas com Utilização de Equipamentos e Veículos";0;150
"2023-01-01";"356476";"46331901";"Despesas com Utilização de Equipamentos e Veículos";0;150
"2023-01-01";"356476";"463319013";"Manutenção e Consertos";0;150
"2023-01-01";"356476";"4637";"DESPESAS COM BENS DE USO PRÓPRIO";0;23713,95
"2023-01-01";"356476";"46371";"DESPESAS COM BENS DE USO PRÓPRIO";0;23713,95
"2023-01-01";"356476";"463719";"Despesas com Bens de Uso Próprio";0;23713,95
"2023-01-01";"356476";"46371901";"Despesas com Bens de Uso Próprio";0;23713,95
"2023-01-01";"356476";"463719011";"Depreciações";0;23713,95
"2023-01-01";"356476";"4638";"DESPESAS COM BENS INTANGÍVEIS";0;8581,68
"2023-01-01";"356476";"46381";"DESPESAS COM BENS INTANGÍVEIS";0;8581,68
"2023-01-01";"356476";"463819";"Despesas com Bens Intangíveis";0;8581,68
"2023-01-01";"356476";"46381901";"Despesas com Bens Intangíveis";0;8581,68
"2023-01-01";"356476";"463819011";"Amortizações";0;8581,68
"2023-01-01";"356476";"4639";"OUTRAS DESPESAS COM LOCALIZAÇÃO E FUNCIONAMENTO";0;135224,94
"2023-01-01";"356476";"46391";"OUTRAS DESPESAS COM LOCALIZAÇÃO E FUNCIONAMENTO";0;135224,94
"2023-01-01";"356476";"463919";"Outras Despesas com Localização e Funcionamento";0;135224,94
"2023-01-01";"356476";"46391901";"Outras Despesas com Localização e Funcionamento";0;135224,94
"2023-01-01";"356476";"463919011";"Despesas com Expediente";0;15809
"2023-01-01";"356476";"463919013";"Despesas com Locomoção";0;87689,96
"2023-01-01";"356476";"463919014";"Despesas com Comunicação";0;31725,98
"2023-01-01";"356476";"465";"DESPESAS COM TRIBUTOS";0;29834,97
"2023-01-01";"356476";"4651";"IMPOSTOS";0;16653,36
"2023-01-01";"356476";"46511";"IMPOSTOS";0;16653,36
"2023-01-01";"356476";"465119";"Impostos";0;16653,36
"2023-01-01";"356476";"46511901";"Impostos";0;16653,36
"2023-01-01";"356476";"465119011";"Impostos Federais";0;16653,36
"2023-01-01";"356476";"4652";"CONTRIBUIÇÕES";0;6792,64
"2023-01-01";"356476";"46521";"CONTRIBUIÇÕES";0;6792,64
"2023-01-01";"356476";"465219";"Contribuições";0;6792,64
"2023-01-01";"356476";"46521901";"Contribuições";0;6792,64
"2023-01-01";"356476";"465219011";"PIS/PASEP";0;6792,64
"2023-01-01";"356476";"4653";"TAXA DE SAÚDE SUPLEMENTAR";0;6388,97
"2023-01-01";"356476";"46531";"TAXA DE SAÚDE SUPLEMENTAR";0;6388,97
"2023-01-01";"356476";"465319";"Taxa de Saúde Suplementar";0;6388,97
"2023-01-01";"356476";"46531901";"Taxa de Saúde Suplementar";0;6388,97
"2023-01-01";"356476";"465319011";"Taxa de Saúde Suplementar";0;6388,97
"2023-01-01";"356476";"466";"DESPESAS COM MULTAS ADMINISTRATIVAS";0;1157,83
"2023-01-01";"356476";"4661";"MULTAS ADMINISTRATIVAS";0;1157,83
"2023-01-01";"356476";"46611";"MULTAS ADMINISTRATIVAS";0;1157,83
"2023-01-01";"356476";"466119";"Multas Administrativas";0;1157,83
"2023-01-01";"356476";"46611901";"Multas Administrativas";0;1157,83
"2023-01-01";"356476";"466119018";"Multas Administrativas diversas";0;1157,83
"2023-01-01";"356476";"468";"DESPESAS ADMINISTRATIVAS DIVERSAS";0;23572,28
"2023-01-01";"356476";"4681";"DESPESAS ADMINISTRATIVAS DIVERSAS";0;23572,28
"2023-01-01";"356476";"46811";"DESPESAS DIVERSAS";0;23572,28
"2023-01-01";"356476";"468119";"Despesas Diversas";0;23572,28
"2023-01-01";"356476";"46811901";"Despesas Diversas";0;23572,28
"2023-01-01";"356476";"468119013";"Despesas Judiciais";0;4240,31
"2023-01-01";"356476";"468119019";"Outras Despesas";0;19331,97
"2023-01-01";"356581";"1";"ATIVO";81040825,63;84920340,9
"2023-01-01";"356581";"12";"ATIVO CIRCULANTE";62441542,12;66010317,25
"2023-01-01";"356581";"121";"DISPONÍVEL";708535,86;1369228,35
"2023-01-01";"356581";"1211";"CAIXA";1558,28;788,13
"2023-01-01";"356581";"12111";"CAIXA";1558,28;788,13
"2023-01-01";"356581";"121119";"CAIXA";1558,28;788,13
"2023-01-01";"356581";"12111901";"CAIXA";1558,28;788,13
"2023-01-01";"356581";"121119011";"Caixa";1558,28;788,13
"2023-01-01";"356581";"1213";"BANCOS CONTA MOVIMENTO";706977,58;1368440,22
"2023-01-01";"356581";"12131";"BANCOS CONTA MOVIMENTO";706977,58;1368440,22
"2023-01-01";"356581";"121319";"Bancos Conta Movimento";706977,58;1368440,22
"2023-01-01";"356581";"12131901";"Bancos Conta Movimento";706977,58;1368440,22
"2023-01-01";"356581";"121319011";"Bancos Conta Movimento";706977,58;1368440,22
"2023-01-01";"356581";"122";"APLICAÇÕES FINANCEIRAS";54469283,32;57998041,88
"2023-01-01";"356581";"1221";"APLICAÇÕES GARANTIDORAS DE PROVISÕES TÉCNICAS";7166723,5;7248462,23
"2023-01-01";"356581";"12211";"TÍTULOS DE RENDA FIXA - PRIVADOS";7166723,5;7248462,23
"2023-01-01";"356581";"122119";"Títulos de Renda Fixa - Privados";7166723,5;7248462,23
"2023-01-01";"356581";"12211902";"Cotas de Fundos de Investimentos";7166723,5;7248462,23
"2023-01-01";"356581";"122119021";"Valor Original";7166723,5;7248462,23
"2023-01-01";"356581";"1222";"APLICAÇÕES LIVRES";47302559,82;50749579,65
"2023-01-01";"356581";"12221";"TÍTULOS DE RENDA FIXA - PRIVADOS";47288190,24;50733421,29
"2023-01-01";"356581";"122219";"Títulos de Renda Fixa - Privados";47288190,24;50733421,29
"2023-01-01";"356581";"12221901";"Depósitos Bancários a Prazo - CDB/RDB";47288190,24;50733421,29
"2023-01-01";"356581";"122219011";"Valor Original";47288190,24;50733421,29
"2023-01-01";"356581";"12222";"TÍTULOS DE RENDA FIXA - PÚBLICOS";14369,58;16158,36
"2023-01-01";"356581";"122229";"Títulos de Renda Fixa - Públicos";14369,58;16158,36
"2023-01-01";"356581";"12222908";"Outros Títulos de Renda Fixa";14369,58;16158,36
"2023-01-01";"356581";"122229081";"Valor Original";14369,58;16158,36
"2023-01-01";"356581";"123";"CRÉDITOS DE OPERAÇÕES COM PLANOS DE ASSISTÊNCIA À SAÚDE";5693993,49;4978812,59
"2023-01-01";"356581";"1231";"CONTRAPRESTAÇÃO PECUNIÁRIA/PRÊMIO A RECEBER";2535242,13;2255286,85
"2023-01-01";"356581";"12311";"CONTRAPRESTAÇÃO PECUNIÁRIA/PRÊMIOS A RECEBER DE ASSISTÊNCIA MÉDICO HOSPITALAR";2535242,13;2255286,85
"2023-01-01";"356581";"123111";"Cobertura Assistencial com Preço Preestabelecido";2535242,13;2255286,85
"2023-01-01";"356581";"12311101";"Contraprestação Pecuniária/Prêmios a Receber";2670240,57;2345521,9
"2023-01-01";"356581";"123111011";"Individual";168229,49;118612,8
"2023-01-01";"356581";"123111012";"Coletivo sem Administradora de Benefícios como Estipulante";2502011,08;2226909,1
"2023-01-01";"356581";"12311109";"(-) Provisão para Perdas Sobre Créditos";-134998,44;-90235,05
"2023-01-01";"356581";"123111091";"Individual";-49108,77;-23857,1
"2023-01-01";"356581";"123111092";"Coletivo sem Administradora de Benefícios como Estipulante";-85889,67;-66377,95
"2023-01-01";"356581";"1233";"PARTICIPAÇÃO DOS BENEFICIÁRIOS EM EVENTOS/SINISTROS INDENIZADOS";1180818,12;1094840,77
"2023-01-01";"356581";"12331";"PARTICIPAÇÃO DOS BENEFICIÁRIOS EM EVENTOS/SINISTROS INDENIZADOS DE ASSISTÊNCIA MÉDICO-HOSPITALAR";1180818,12;1094840,77
"2023-01-01";"356581";"123311";"Cobertura Assistencial com Preço Preestabelecido";1180818,12;1094840,77
"2023-01-01";"356581";"12331101";"Participação dos Beneficiários em Eventos/Sinistros Indenizados a Receber";1180818,12;1094840,77
"2023-01-01";"356581";"123311011";"Participação dos Beneficiários em Eventos/Sinistros Indenizados";1271605,86;1203365,88
"2023-01-01";"356581";"123311019";"(-) Provisão para Perdas Sobre Créditos";-90787,74;-108525,11
"2023-01-01";"356581";"1234";"OPERADORAS DE PLANOS DE ASSISTÊNCIA À SAÚDE";1804365,7;1464834,79
"2023-01-01";"356581";"12341";"OPERADORAS DE PLANOS DE ASSISTÊNCIA MÉDICO-HOSPITALAR";1804365,7;1464834,79
"2023-01-01";"356581";"123412";"Cobertura Assistencial com Preço Pós-estabelecido";1804365,7;1464834,79
"2023-01-01";"356581";"12341201";"Contraprestação Corresponsabilidade Assumida";1804365,7;1494235,54
"2023-01-01";"356581";"123412011";"Contraprestação Corresponsabilidade Assumida - Reembolso";1372980,15;1087452,71
"2023-01-01";"357022";"4614";"DESPESAS COM ENCARGOS SOCIAIS";0;457022,81
"2023-01-01";"357022";"46141";"DESPESAS COM ENCARGOS SOCIAIS";0;457022,81
"2023-01-01";"357022";"461419";"Despesas com Encargos Sociais";0;457022,81
"2023-01-01";"357022";"46141901";"Despesas com Encargos Sociais";0;0
"2023-01-01";"357022";"461419011";"Previdência Social";0;0
"2023-01-01";"357022";"461419012";"FGTS";0;0
"2023-01-01";"357022";"46141911";"Despesas com Encargos Sociais";0;260056,21
"2023-01-01";"357022";"461419111";"Previdência Social";0;203297,17
"2023-01-01";"357022";"461419112";"FGTS";0;56759,04
"2023-01-01";"357022";"46141921";"Despesas com Encargos Sociais";0;196966,6
"2023-01-01";"357022";"461419211";"Previdência Social";0;152904,06
"2023-01-01";"357022";"461419212";"FGTS";0;44062,54
"2023-01-01";"357022";"4617";"DESPESAS COM PROGRAMA DE ALIMENTAÇÃO AO TRABALHADOR";0;117985
"2023-01-01";"357022";"46171";"ALIMENTAÇÃO AO TRABALHADOR";0;117985
"2023-01-01";"357022";"461719";"Alimentação ao Trabalhador";0;117985
"2023-01-01";"357022";"46171901";"Alimentação ao Trabalhador";0;0
"2023-01-01";"357022";"461719011";"Alimentação ao Trabalhador";0;0
"2023-01-01";"357022";"46171911";"Alimentação ao Trabalhador";0;67560,07
"2023-01-01";"357022";"461719111";"Alimentação ao Trabalhador";0;67560,07
"2023-01-01";"357022";"46171921";"Alimentação ao Trabalhador";0;50424,93
"2023-01-01";"357022";"461719211";"Alimentação ao Trabalhador";0;50424,93
"2023-01-01";"357022";"4618";"DESPESAS COM TRANSPORTE DE EMPREGADOS";0;4861,61
"2023-01-01";"357022";"46181";"DESPESAS COM TRANSPORTE DE EMPREGADOS";0;4861,61
"2023-01-01";"357022";"461819";"Despesas com Transporte de Empregados";0;4861,61
"2023-01-01";"357022";"46181901";"Despesas com Transporte de Empregados";0;0
"2023-01-01";"357022";"461819011";"Vale Transporte";0;0
"2023-01-01";"357022";"46181911";"Despesas com Transporte de Empregados";0;2752,72
"2023-01-01";"357022";"461819111";"Vale Transporte";0;2752,72
"2023-01-01";"357022";"46181921";"Despesas com Transporte de Empregados";0;2108,89
"2023-01-01";"357022";"461819211";"Vale Transporte";0;2108,89
"2023-01-01";"357022";"4619";"OUTRAS DESPESAS COM PESSOAL PRÓPRIO";0;5403,61
"2023-01-01";"357022";"46191";"OUTRAS DESPESAS COM PESSOAL PRÓPRIO";0;5403,61
"2023-01-01";"357022";"461919";"Outras Despesas com Pessoal Próprio";0;5403,61
"2023-01-01";"357022";"46191901";"Outras Despesas com Pessoal Próprio";0;0
"2023-01-01";"357022";"461919019";"Outras Despesas";0;0
"2023-01-01";"357022";"46191911";"Outras Despesas com Pessoal Próprio";0;3100,52
"2023-01-01";"357022";"461919119";"Outras Despesas";0;3100,52
"2023-01-01";"357022";"46191921";"Outras Despesas com Pessoal Próprio";0;2303,09
"2023-01-01";"357022";"461919219";"Outras Despesas";0;2303,09
"2023-01-01";"357022";"462";"DESPESAS COM SERVIÇOS DE TERCEIROS";0;711416,32
"2023-01-01";"357022";"4621";"REMUNERAÇÃO POR SERVIÇOS DE TERCEIROS";0;699964,78
"2023-01-01";"357022";"46211";"REMUNERAÇÃO POR SERVIÇOS DE TERCEIROS";0;699964,78
"2023-01-01";"357022";"462119";"Remuneração por Serviços de Terceiros";0;699964,78
"2023-01-01";"357022";"46211901";"Remuneração por Serviços de Terceiros";0;0
"2023-01-01";"357022";"462119012";"Honorários de Auditoria";0;0
"2023-01-01";"357022";"462119013";"Honorários de Consultoria";0;0
"2023-01-01";"357022";"462119014";"Honorários de Serviços Técnicos";0;0
"2023-01-01";"357022";"462119015";"Fretes e Carretos";0;0
"2023-01-01";"357022";"462119019";"Outras Despesas";0;0
"2023-01-01";"357022";"46211911";"Remuneração por Serviços de Terceiros";0;398288,27
"2023-01-01";"357022";"462119112";"Honorários de Auditoria";0;24736,11
"2023-01-01";"357022";"462119113";"Honorários de Consultoria";0;108259,28
"2023-01-01";"357022";"462119114";"Honorários de Serviços Técnicos";0;135611,36
"2023-01-01";"357022";"462119115";"Fretes e Carretos";0;889,68
"2023-01-01";"357022";"462119119";"Outras Despesas";0;128791,84
"2023-01-01";"357022";"46211921";"Remuneração por Serviços de Terceiros";0;301676,51
"2023-01-01";"357022";"462119212";"Honorários de Auditoria";0;18463,89
"2023-01-01";"357022";"462119213";"Honorários de Consultoria";0;85159,95
"2023-01-01";"357022";"462119214";"Honorários de Serviços Técnicos";0;101439,57
"2023-01-01";"357022";"462119215";"Fretes e Carretos";0;684,02
"2023-01-01";"357022";"462119219";"Outras Despesas";0;95929,08
"2023-01-01";"357022";"4622";"ENCARGOS SOCIAIS COM SERVIÇOS DE TERCEIROS";0;11451,54
"2023-01-01";"357022";"46221";"ENCARGOS SOCIAIS COM SERVIÇOS DE TERCEIROS";0;11451,54
"2023-01-01";"357022";"462219";"Encargos Sociais com Serviços de Terceiros";0;11451,54
"2023-01-01";"357022";"46221901";"Encargos Sociais com Serviços de Terceiros";0;0
"2023-01-01";"357022";"462219011";"Encargos Sociais com Serviços de Terceiros";0;0
"2023-01-01";"357022";"46221911";"Encargos Sociais com Serviços de Terceiros";0;6493,16
"2023-01-01";"357022";"462219111";"Encargos Sociais com Serviços de Terceiros";0;6493,16
"2023-01-01";"357022";"46221921";"Encargos Sociais com Serviços de Terceiros";0;4958,38
"2023-01-01";"357022";"462219211";"Encargos Sociais com Serviços de Terceiros";0;4958,38
"2023-01-01";"357022";"463";"DESPESAS COM LOCALIZAÇÃO E FUNCIONAMENTO";0;450532,61
"2023-01-01";"357022";"4631";"DESPESAS COM LOCALIZAÇÃO E MANUTENÇÃO";0;137058,9
"2023-01-01";"357022";"46311";"DESPESAS COM LOCALIZAÇÃO E MANUTENÇÃO";0;137058,9
"2023-01-01";"357022";"463119";"Despesas com Localização e Manutenção";0;137058,9
"2023-01-01";"357022";"46311901";"Despesas com Localização e Manutenção";0;0
"2023-01-01";"357022";"463119011";"Aluguel";0;0
"2023-01-01";"357022";"463119013";"Condomínios e Taxas";0;0
"2023-01-01";"357022";"463119014";"Água, Luz e Gás";0;0
"2023-01-01";"357022";"463119015";"Limpeza";0;0
"2023-01-01";"357022";"463119016";"Consertos";0;0
"2023-01-01";"357022";"46311911";"Despesas com Localização e Manutenção";0;78264,85
"2023-01-01";"357022";"463119111";"Aluguel";0;19308,63
"2023-01-01";"357022";"463119113";"Condomínios e Taxas";0;97,32
"2023-01-01";"357022";"463119114";"Água, Luz e Gás";0;30448,43
"2023-01-01";"357022";"463119115";"Limpeza";0;14083,65
"2023-01-01";"357022";"463119116";"Consertos";0;14326,82
"2023-01-01";"357022";"46311921";"Despesas com Localização e Manutenção";0;58794,05
"2023-01-01";"357022";"463119211";"Aluguel";0;15276,7
"2023-01-01";"357022";"463119213";"Condomínios e Taxas";0;59,58
"2023-01-01";"357022";"463119214";"Água, Luz e Gás";0;22653,33
"2023-01-01";"357022";"463119215";"Limpeza";0;10770,95
"2023-01-01";"357022";"463119216";"Consertos";0;10033,49
"2023-01-01";"357022";"4633";"DESPESAS COM UTILIZAÇÃO DE EQUIPAMENTOS E VEÍCULOS";0;43352,88
"2023-01-01";"357022";"46331";"DESPESAS COM UTILIZAÇÃO DE EQUIPAMENTOS E VEÍCULOS";0;43352,88
"2023-01-01";"357022";"463319";"Despesas com Utilização de Equipamentos e Veículos";0;43352,88
"2023-01-01";"357022";"46331901";"Despesas com Utilização de Equipamentos e Veículos";0;0
"2023-01-01";"357022";"463319011";"Aluguel";0;0
"2023-01-01";"357022";"463319013";"Manutenção e Consertos";0;0
"2023-01-01";"357022";"463319014";"Combustível";0;0
"2023-01-01";"357022";"463319019";"Outras Despesas";0;0
"2023-01-01";"357022";"46331911";"Despesas com Utilização de Equipamentos e Veículos";0;24819,98
"2023-01-01";"357022";"463319111";"Aluguel";0;12588,01
"2023-01-01";"357022";"463319113";"Manutenção e Consertos";0;1967,48
"2023-01-01";"357022";"463319114";"Combustível";0;2228,4
"2023-01-01";"357022";"463319119";"Outras Despesas";0;8036,09
"2023-01-01";"357022";"46331921";"Despesas com Utilização de Equipamentos e Veículos";0;18532,9
"2023-01-01";"357022";"463319211";"Aluguel";0;9396,14
"2023-01-01";"357022";"463319213";"Manutenção e Consertos";0;1462,34
"2023-01-01";"357022";"463319214";"Combustível";0;1662,43
"2023-01-01";"357022";"463319219";"Outras Despesas";0;6011,99
"2023-01-01";"357022";"4637";"DESPESAS COM BENS DE USO PRÓPRIO";0;154683,56
"2023-01-01";"357022";"46371";"DESPESAS COM BENS DE USO PRÓPRIO";0;154683,56
"2023-01-01";"357022";"463719";"Despesas com Bens de Uso Próprio";0;154683,56
"2023-01-01";"357022";"46371901";"Despesas com Bens de Uso Próprio";0;0
"2023-01-01";"357022";"463719011";"Depreciações";0;0
"2023-01-01";"357022";"46371911";"Despesas com Bens de Uso Próprio";0;88534,55
"2023-01-01";"357022";"463719111";"Depreciações";0;88534,55
"2023-01-01";"357022";"46371921";"Despesas com Bens de Uso Próprio";0;66149,01
"2023-01-01";"357022";"463719211";"Depreciações";0;66149,01
"2023-01-01";"357022";"4638";"DESPESAS COM BENS INTANGÍVEIS";0;23143,65
"2023-01-01";"357022";"46381";"DESPESAS COM BENS INTANGÍVEIS";0;23143,65
"2023-01-01";"357022";"463819";"Despesas com Bens Intangíveis";0;23143,65
"2023-01-01";"357022";"46381901";"Despesas com Bens Intangíveis";0;0
"2023-01-01";"357022";"463819011";"Amortizações";0;0
"2023-01-01";"357022";"46381911";"Despesas com Bens Intangíveis";0;13251,93
"2023-01-01";"357022";"463819111";"Amortizações";0;13251,93
"2023-01-01";"357022";"46381921";"Despesas com Bens Intangíveis";0;9891,72
"2023-01-01";"357022";"463819211";"Amortizações";0;9891,72
"2023-01-01";"357022";"4639";"OUTRAS DESPESAS COM LOCALIZAÇÃO E FUNCIONAMENTO";0;92293,62
"2023-01-01";"357022";"46391";"OUTRAS DESPESAS COM LOCALIZAÇÃO E FUNCIONAMENTO";0;92293,62
"2023-01-01";"357022";"463919";"Outras Despesas com Localização e Funcionamento";0;92293,62
"2023-01-01";"357022";"46391901";"Outras Despesas com Localização e Funcionamento";0;0
"2023-01-01";"357022";"463919011";"Despesas com Expediente";0;0
"2023-01-01";"357022";"463919012";"Despesas com Seguros";0;0
"2023-01-01";"357022";"463919013";"Despesas com Locomoção";0;0
"2023-01-01";"357022";"463919014";"Despesas com Comunicação";0;0
"2023-01-01";"357022";"46391911";"Outras Despesas com Localização e Funcionamento";0;52971,68
"2023-01-01";"357022";"463919111";"Despesas com Expediente";0;24588,06
"2023-01-01";"357022";"463919112";"Despesas com Seguros";0;5362,41
"2023-01-01";"357391";"12213";"TÍTULOS DE RENDA VARIÁVEL";1748614,86;1161092,71
"2023-01-01";"357391";"122139";"Títulos de Renda Variável";1748614,86;1161092,71
"2023-01-01";"357391";"12213901";"Cotas de Fundos de Investimentos";1748614,86;1161092,71
"2023-01-01";"357391";"122139011";"Valor Original";1748614,86;1161092,71
"2023-01-01";"357391";"1222";"APLICAÇÕES LIVRES";30483657,75;81244146,97
"2023-01-01";"357391";"12221";"TÍTULOS DE RENDA FIXA - PRIVADOS";7004271,64;6450894,62
"2023-01-01";"357391";"122219";"Títulos de Renda Fixa - Privados";7004271,64;6450894,62
"2023-01-01";"357391";"12221901";"Depósitos Bancários a Prazo - CDB/RDB";367984,72;379786,46
"2023-01-01";"357391";"122219011";"Valor Original";367984,72;379786,46
"2023-01-01";"357391";"12221902";"Cotas de Fundos de Investimentos";6636286,92;6071108,16
"2023-01-01";"357391";"122219021";"Valor Original";6636286,92;6071108,16
"2023-01-01";"357391";"12228";"OUTRAS APLICAÇÕES";23479386,11;74793252,35
"2023-01-01";"357391";"122289";"Outras Aplicações";23479386,11;74793252,35
"2023-01-01";"357391";"12228908";"Outras Aplicações";23479386,11;74793252,35
"2023-01-01";"357391";"122289081";"Valor Original";23479386,11;74793252,35
"2023-01-01";"357391";"123";"CRÉDITOS DE OPERAÇÕES COM PLANOS DE ASSISTÊNCIA À SAÚDE";70932840,8;77900829,78
"2023-01-01";"357391";"1231";"CONTRAPRESTAÇÃO PECUNIÁRIA/PRÊMIO A RECEBER";31090208,77;29062805,95
"2023-01-01";"357391";"12311";"CONTRAPRESTAÇÃO PECUNIÁRIA/PRÊMIOS A RECEBER DE ASSISTÊNCIA MÉDICO HOSPITALAR";31090208,77;29062805,95
"2023-01-01";"357391";"123111";"Cobertura Assistencial com Preço Preestabelecido";23412099,22;16606697,44
"2023-01-01";"357391";"12311101";"Contraprestação Pecuniária/Prêmios a Receber";36571621,83;30342929,36
"2023-01-01";"357391";"123111011";"Individual";13363422,03;9142734,49
"2023-01-01";"357391";"123111012";"Coletivo sem Administradora de Benefícios como Estipulante";22362534,59;20243195,5
"2023-01-01";"357391";"123111013";"Coletivo com Administradora de Benefícios como Estipulante";845665,21;956999,37
"2023-01-01";"357391";"12311109";"(-) Provisão para Perdas Sobre Créditos";-13159522,61;-13736231,92
"2023-01-01";"357391";"123111091";"Individual";-4732024,69;-4957452,01
"2023-01-01";"357391";"123111092";"Coletivo sem Administradora de Benefícios como Estipulante";-8427497,92;-8778779,91
"2023-01-01";"357391";"123112";"Cobertura Assistencial com Preço Pós-estabelecido";7678109,55;12456108,51
"2023-01-01";"357391";"12311201";"Contraprestação Pecuniária/Prêmios a Receber";7732085,52;12504410,94
"2023-01-01";"357391";"123112012";"Coletivo sem Administradora de Benefícios como Estipulante - Reembolso";7729627,57;12502804,64
"2023-01-01";"357391";"123112013";"Coletivo com Administradora de Benefícios  como Estipulante - Reembolso";2457,95;1606,3
"2023-01-01";"357391";"123112015";"Taxa de Administração com Plano de Assitencia Medico Hospitalar";0;0
"2023-01-01";"357391";"12311209";"(-) Provisão para Perdas Sobre Créditos";-53975,97;-48302,43
"2023-01-01";"357391";"123112092";"Coletivo sem Administradora de Benefícios como Estipulante - Reembolso";-53975,97;-48302,43
"2023-01-01";"357391";"1233";"PARTICIPAÇÃO DOS BENEFICIÁRIOS EM EVENTOS/SINISTROS INDENIZADOS";13598676,45;16377571,47
"2023-01-01";"357391";"12331";"PARTICIPAÇÃO DOS BENEFICIÁRIOS EM EVENTOS/SINISTROS INDENIZADOS DE ASSISTÊNCIA MÉDICO-HOSPITALAR";13598676,45;16377571,47
"2023-01-01";"357391";"123311";"Cobertura Assistencial com Preço Preestabelecido";13598676,45;16377571,47
"2023-01-01";"357391";"12331101";"Participação dos Beneficiários em Eventos/Sinistros Indenizados a Receber";13598676,45;16377571,47
"2023-01-01";"357391";"123311011";"Participação dos Beneficiários em Eventos/Sinistros Indenizados";14484902,88;17079044,35
"2023-01-01";"357391";"123311019";"(-) Provisão para Perdas Sobre Créditos";-886226,43;-701472,88
"2023-01-01";"357391";"1234";"OPERADORAS DE PLANOS DE ASSISTÊNCIA À SAÚDE";26243955,58;32460452,36
"2023-01-01";"357391";"12341";"OPERADORAS DE PLANOS DE ASSISTÊNCIA MÉDICO-HOSPITALAR";26243955,58;32460452,36
"2023-01-01";"357391";"123412";"Cobertura Assistencial com Preço Pós-estabelecido";26243955,58;32460452,36
"2023-01-01";"357391";"12341201";"Contraprestação Corresponsabilidade Assumida";27691533,1;34523313,36
"2023-01-01";"357391";"123412011";"Contraprestação Corresponsabilidade Assumida - Reembolso";26433778,81;32883049,72
"2023-01-01";"357391";"123412012";"Taxa de Administração";1257754,29;1640263,64
"2023-01-01";"357391";"12341209";"(-) Provisão para Perdas Sobre Créditos";-1447577,52;-2062861
"2023-01-01";"357391";"123412091";"(-) Provisão para Perdas Sobre Créditos";-1447577,52;-2062861
"2023-01-01";"357391";"1239";"OUTROS CRÉDITOS DE OPERAÇÕES COM PLANOS DE ASSISTÊNCIA À SAÚDE";0;0
"2023-01-01";"357391";"12391";"OUTROS CRÉDITOS DE OPERAÇÕES DE ASSISTÊNCIA MÉDICO-HOSPITALAR";0;0
"2023-01-01";"357391";"123911";"Cobertura Assistencial com Preço Preestabelecido";0;0
"2023-01-01";"357391";"12391108";"Outros Créditos de Operações de Assistência Médico-Hospitalar";0;0
"2023-01-01";"357391";"123911088";"Outros Créditos de Operações de Assistência Médico-Hospitalar";448085,12;448085,12
"2023-01-01";"357391";"123911089";"(-) Provisão para Perdas Sobre Créditos";-448085,12;-448085,12
"2023-01-01";"357391";"124";"CRÉDITOS DE OPERAÇÕES DE ASSISTÊNCIA À SAÚDE NÃO RELACIONADOS COM PLANOS DE SAÚDE DA OPERADORA";28199835,85;31847246,78
"2023-01-01";"357391";"1241";"CRÉDITOS DE OPERAÇÕES DE ASSISTÊNCIA À SAÚDE NÃO RELACIONADOS COM PLANOS DE SAÚDE DA OPERADORA";28199835,85;31847246,78
"2023-01-01";"357391";"12411";"CRÉDITOS A RECEBER DE PRESTAÇÃO DE SERVIÇOS DE ASSISTÊNCIA MÉDICO-HOSPITALAR";28199835,85;31847246,78
"2023-01-01";"357391";"124119";"Contas a Receber de Prestação de Serviços Médico-Hospitalar";28199835,85;31847246,78
"2023-01-01";"357391";"12411901";"Contas a Receber";20032937,58;21728898,05
"2023-01-01";"357391";"124119011";"Contas a Receber";20032937,58;21728898,05
"2023-01-01";"357391";"12411902";"Intercâmbio a Receber - Atendimento Eventual";5686463,66;6364787,1
"2023-01-01";"357391";"124119021";"Taxa de Administração";470168,85;514243,55
"2023-01-01";"357391";"124119022";"Reembolso";7212091,87;8082397,46
"2023-01-01";"357391";"124119029";"(-) Provisão para Perdas Sobre Créditos";-1995797,06;-2231853,91
"2023-01-01";"357391";"12411908";"Outros Créditos Operacionais de Prestação de Serviço Médico-Hospitalar";2480434,61;3753561,63
"2023-01-01";"357391";"124119088";"Outros Créditos Operacionais de Prestação de Serviço Médico-Hospitalar";3638796,21;4949023,46
"2023-01-01";"357391";"124119089";"(-) Provisão para Perdas Sobre Créditos";-1158361,6;-1195461,83
"2023-01-01";"357391";"125";"DESPESAS DIFERIDAS";1647013,23;1660590,05
"2023-01-01";"357391";"1251";"COMISSÕES DIFERIDAS COM OPERAÇÕES DE ASSISTÊNCIA A SAÚDE";1647013,23;1660590,05
"2023-01-01";"357391";"12511";"COMISSÕES/AGENCIAMENTOS DIFERIDOS COM PLANOS DE ASSISTÊNCIA MÉDICO-HOSPITALAR";1647013,23;1660590,05
"2023-01-01";"357391";"125119";"Comissões/Agenciamentos Diferidos com Planos de Assistência Médico-Hospitalar";1647013,23;1660590,05
"2023-01-01";"357391";"12511901";"Comissões/Agenciamentos Diferidos com Planos de Assistência Médico-Hospitalar";1647013,23;1660590,05
"2023-01-01";"357391";"125119011";"Comissões/Agenciamentos Diferidos - Contraprestações Pecuniárias";1647013,23;1660590,05
"2023-01-01";"357391";"126";"CRÉDITOS TRIBUTÁRIOS E PREVIDÊNCIÁRIOS";1163090,62;1932650,55
"2023-01-01";"357391";"1261";"CRÉDITOS TRIBUTÁRIOS E PREVIDÊNCIARIOS";1163090,62;1932650,55
"2023-01-01";"357391";"12611";"CRÉDITOS TRIBUTÁRIOS";1163090,62;1932650,55
"2023-01-01";"357391";"126119";"Créditos Tributários";1163090,62;1932650,55
"2023-01-01";"357391";"12611901";"Imposto de Renda";25977,87;0
"2023-01-01";"357391";"126119011";"Imposto de Renda Retido na Fonte - IRRF";25977,87;0
"2023-01-01";"357391";"126119013";"Antecipações de Imposto de Renda";0;0
"2023-01-01";"357391";"12611902";"Contribuição Social Sobre o Lucro Liquido - CSLL";0;0
"2023-01-01";"357391";"126119023";"Antecipações da Contribuição Social";0;0
"2023-01-01";"357391";"12611905";"Imposto Sobre Serviços - ISS";696576,77;696645,33
"2023-01-01";"357391";"126119051";"Imposto Sobre Serviços - ISS";696576,77;696645,33
"2023-01-01";"357391";"12611908";"Outros Créditos Tributários e Previdenciários";440535,98;1236005,22
"2023-01-01";"357391";"126119088";"Outros Créditos Tributários e Previdenciários";440535,98;1236005,22
"2023-01-01";"357391";"127";"BENS E TÍTULOS A RECEBER";71650620,93;63143563,17
"2023-01-01";"357391";"1271";"ESTOQUE";34414439,02;30861661,58
"2023-01-01";"357391";"12711";"ESTOQUE";34414439,02;30861661,58
"2023-01-01";"357391";"127119";"Estoques";34414439,02;30861661,58
"2023-01-01";"357391";"12711901";"Estoques";34414439,02;30861661,58
"2023-01-01";"357391";"127119011";"Estoques";34290948,37;30854550,46
"2023-01-01";"357391";"127119012";"Almoxarifado";123490,65;7111,12
"2023-01-01";"357391";"1274";"ADIANTAMENTOS";8499745,41;5241230,03
"2023-01-01";"357391";"12741";"ADIANTAMENTOS";8499745,41;5241230,03
"2023-01-01";"357391";"127419";"Adiantamentos";8499745,41;5241230,03
"2023-01-01";"357391";"12741901";"Adiantamentos";8499745,41;5241230,03
"2023-01-01";"357391";"127419011";"Adiantamentos a Funcionários";1263126,68;742888,23
"2023-01-01";"357391";"127419012";"Adiantamentos a Prestadores de Serviços Assistenciais";5690581,78;4175658,44
"2023-01-01";"357391";"127419013";"Adiantamentos a Fornecedores";1375080,6;215933,41
"2023-01-01";"357391";"127419018";"Outros Adiantamentos";941587,69;887563,42
"2023-01-01";"357391";"127419019";"(-) Provisão para Perdas Sobre Créditos";-770631,34;-780813,47
"2023-01-01";"357391";"1277";"TÍTULOS A RECEBER";3444560,09;1662184,98
"2023-01-01";"357391";"12771";"TÍTULOS A RECEBER";3444560,09;1662184,98
"2023-01-01";"357391";"127719";"Títulos a Receber";3444560,09;1662184,98
"2023-01-01";"357391";"12771901";"Títulos a Receber";3444560,09;1662184,98
"2023-01-01";"357391";"127719011";"Notas Promissórias";72572,4;72572,4
"2023-01-01";"357391";"127719012";"Cheques e Ordens a Receber";343772,91;343772,91
"2023-01-01";"357511";"4";"DESPESAS";0;210707160,71
"2023-01-01";"357511";"41";"EVENTOS INDENIZÁVEIS LÍQUIDOS / SINISTROS RETIDOS";0;163819781,3
"2023-01-01";"357511";"411";"EVENTOS/SINISTROS CONHECIDOS OU AVISADOS DE ASSISTÊNCIA À SAÚDE";0;164059020,31
"2023-01-01";"357511";"4111";"EVENTOS/ SINISTROS CONHECIDOS OU AVISADOS NA MODALIDADE DE PAGAMENTO POR PROCEDIMENTO";0;94168344,99
"2023-01-01";"357511";"41111";"EVENTOS/ SINISTROS CONHECIDOS OU AVISADOS  DE ASSISTÊNCIA A SAÚDE MEDICO HOSPITALAR ";0;94135600,66
